[2026-08-21 12:44:57Z INFO HostContext] No proxy settings were found based on environmental variables (http_proxy/https_proxy/HTTP_PROXY/HTTPS_PROXY)
[2026-08-21 12:44:57Z INFO HostContext] Well known directory 'Bin': 'D:\Remote-Learning---LUMER\Remote-Learning-LUMER\actions-runner\bin'
[2026-08-21 12:44:57Z INFO HostContext] Well known directory 'Root': 'D:\Remote-Learning---LUMER\Remote-Learning-LUMER\actions-runner'
[2026-08-21 12:44:57Z INFO HostContext] Well known config file 'Credentials': 'D:\Remote-Learning---LUMER\Remote-Learning-LUMER\actions-runner\.credentials'
[2026-08-21 12:44:57Z INFO HostContext] Well known directory 'Bin': 'D:\Remote-Learning---LUMER\Remote-Learning-LUMER\actions-runner\bin'
[2026-08-21 12:44:57Z INFO HostContext] Well known directory 'Root': 'D:\Remote-Learning---LUMER\Remote-Learning-LUMER\actions-runner'
[2026-08-21 12:44:57Z INFO HostContext] Well known config file 'Runner': 'D:\Remote-Learning---LUMER\Remote-Learning-LUMER\actions-runner\.runner'
[2026-08-21 12:44:57Z INFO Worker] Version: 2.336.0
[2026-08-21 12:44:57Z INFO Worker] Commit: 98aabcd429c4e8402406c56ce2d26387fed3b9ce
[2026-08-21 12:44:57Z INFO Worker] Culture: en-US
[2026-08-21 12:44:57Z INFO Worker] UI Culture: en-US
[2026-08-21 12:44:57Z INFO Worker] Waiting to receive the job message from the channel.
[2026-08-21 12:44:57Z INFO ProcessChannel] Receiving message of length 24846, with hash '45cbdb85ec94c85d42da3da801a42af0ee7bec5744bbe445bd3d65e4d45ce239'
[2026-08-21 12:44:57Z INFO Worker] Message received.
[2026-08-21 12:44:58Z INFO Worker] Job message:
 {
  "environmentVariables": [
    {
      "type": 2,
      "file": 1,
      "line": 14,
      "col": 3,
      "map": [
        {
          "key": {
            "type": 0,
            "file": 1,
            "line": 14,
            "col": 3,
            "lit": "DOCKER_USERNAME"
          },
          "value": {
            "type": 3,
            "file": 1,
            "line": 14,
            "col": 20,
            "expr": "secrets.DOCKER_USERNAME"
          }
        }
      ]
    }
  ],
  "fileTable": [
    ".github/workflows/deploy.yml"
  ],
  "mask": [
    {
      "type": "regex",
      "value": "***"
    },
    {
      "type": "regex",
      "value": "***"
    },
    {
      "type": "regex",
      "value": "***"
    },
    {
      "type": "regex",
      "value": "***"
    },
    {
      "type": "regex",
      "value": "***"
    },
    {
      "type": "regex",
      "value": "***"
    },
    {
      "type": "regex",
      "value": "***"
    },
    {
      "type": "regex",
      "value": "***"
    },
    {
      "type": "regex",
      "value": "***"
    },
    {
      "type": "regex",
      "value": "***"
    },
    {
      "type": "regex",
      "value": "***"
    },
    {
      "type": "regex",
      "value": "***"
    },
    {
      "type": "regex",
      "value": "***"
    },
    {
      "type": "regex",
      "value": "***"
    },
    {
      "type": "regex",
      "value": "***"
    },
    {
      "type": "regex",
      "value": "***"
    },
    {
      "type": "regex",
      "value": "***"
    },
    {
      "type": "regex",
      "value": "***"
    },
    {
      "type": "regex",
      "value": "***"
    },
    {
      "type": "regex",
      "value": "***"
    },
    {
      "type": "regex",
      "value": "***"
    },
    {
      "type": "regex",
      "value": "***"
    },
    {
      "type": "regex",
      "value": "***"
    },
    {
      "type": "regex",
      "value": "***"
    }
  ],
  "steps": [
    {
      "type": "action",
      "reference": {
        "type": "repository",
        "name": "actions/checkout",
        "ref": "v4",
        "repositoryType": "GitHub"
      },
      "displayNameToken": {
        "type": 0,
        "file": 1,
        "line": 115,
        "col": 15,
        "lit": "Checkout Code"
      },
      "contextName": "__actions_checkout",
      "condition": "success()",
      "id": "06a9b3a3-a350-4def-855a-ef9360b7f787",
      "name": "__actions_checkout"
    },
    {
      "type": "action",
      "reference": {
        "type": "script"
      },
      "displayNameToken": {
        "type": 0,
        "file": 1,
        "line": 118,
        "col": 15,
        "lit": "Check Kubernetes"
      },
      "contextName": "__run",
      "inputs": {
        "type": 2,
        "map": [
          {
            "key": "script",
            "value": {
              "type": 0,
              "file": 1,
              "line": 120,
              "col": 14,
              "lit": "kubectl version --client\nkubectl get nodes\nkubectl get pods\n"
            }
          },
          {
            "key": "shell",
            "value": {
              "type": 0,
              "file": 1,
              "line": 119,
              "col": 16,
              "lit": "powershell"
            }
          }
        ]
      },
      "condition": "success()",
      "id": "49e7c8ad-a254-4723-9a75-e6c133326ab8",
      "name": "__run"
    },
    {
      "type": "action",
      "reference": {
        "type": "script"
      },
      "displayNameToken": {
        "type": 0,
        "file": 1,
        "line": 125,
        "col": 15,
        "lit": "Apply Kubernetes Manifests"
      },
      "contextName": "__run_2",
      "inputs": {
        "type": 2,
        "map": [
          {
            "key": "script",
            "value": {
              "type": 0,
              "file": 1,
              "line": 127,
              "col": 14,
              "lit": "kubectl apply -f k8s/backend-secrets.yml\nkubectl apply -f k8s/backend.yml\nkubectl apply -f k8s/frontend.yml\n"
            }
          },
          {
            "key": "shell",
            "value": {
              "type": 0,
              "file": 1,
              "line": 126,
              "col": 16,
              "lit": "powershell"
            }
          }
        ]
      },
      "condition": "success()",
      "id": "cfa0d653-7ba5-4da5-a047-b8c197d82816",
      "name": "__run_2"
    },
    {
      "type": "action",
      "reference": {
        "type": "script"
      },
      "displayNameToken": {
        "type": 0,
        "file": 1,
        "line": 132,
        "col": 15,
        "lit": "Restart Backend Services"
      },
      "contextName": "__run_3",
      "inputs": {
        "type": 2,
        "map": [
          {
            "key": "script",
            "value": {
              "type": 0,
              "file": 1,
              "line": 134,
              "col": 14,
              "lit": "kubectl rollout restart deployment/course-service\nkubectl rollout restart deployment/learning-progress-service\nkubectl rollout restart deployment/quiz-exam-service\nkubectl rollout restart deployment/user-service\n"
            }
          },
          {
            "key": "shell",
            "value": {
              "type": 0,
              "file": 1,
              "line": 133,
              "col": 16,
              "lit": "powershell"
            }
          }
        ]
      },
      "condition": "success()",
      "id": "8c07e95f-86eb-4a93-8525-aaf07e84830a",
      "name": "__run_3"
    },
    {
      "type": "action",
      "reference": {
        "type": "script"
      },
      "displayNameToken": {
        "type": 0,
        "file": 1,
        "line": 140,
        "col": 15,
        "lit": "Restart Frontend"
      },
      "contextName": "__run_4",
      "inputs": {
        "type": 2,
        "map": [
          {
            "key": "script",
            "value": {
              "type": 0,
              "file": 1,
              "line": 142,
              "col": 14,
              "lit": "kubectl rollout restart deployment/frontend\n"
            }
          },
          {
            "key": "shell",
            "value": {
              "type": 0,
              "file": 1,
              "line": 141,
              "col": 16,
              "lit": "powershell"
            }
          }
        ]
      },
      "condition": "success()",
      "id": "79cd53c2-465c-4191-b276-85a2278a6f48",
      "name": "__run_4"
    },
    {
      "type": "action",
      "reference": {
        "type": "script"
      },
      "displayNameToken": {
        "type": 0,
        "file": 1,
        "line": 145,
        "col": 15,
        "lit": "Wait for Deployments"
      },
      "contextName": "__run_5",
      "inputs": {
        "type": 2,
        "map": [
          {
            "key": "script",
            "value": {
              "type": 0,
              "file": 1,
              "line": 147,
              "col": 14,
              "lit": "kubectl rollout status deployment/course-service\nkubectl rollout status deployment/learning-progress-service\nkubectl rollout status deployment/quiz-exam-service\nkubectl rollout status deployment/user-service\nkubectl rollout status deployment/frontend\n"
            }
          },
          {
            "key": "shell",
            "value": {
              "type": 0,
              "file": 1,
              "line": 146,
              "col": 16,
              "lit": "powershell"
            }
          }
        ]
      },
      "condition": "success()",
      "id": "43bae11c-2115-46f3-8e59-8cb006fb9a60",
      "name": "__run_5"
    },
    {
      "type": "action",
      "reference": {
        "type": "script"
      },
      "displayNameToken": {
        "type": 0,
        "file": 1,
        "line": 154,
        "col": 15,
        "lit": "Check Final Status"
      },
      "contextName": "__run_6",
      "inputs": {
        "type": 2,
        "map": [
          {
            "key": "script",
            "value": {
              "type": 0,
              "file": 1,
              "line": 156,
              "col": 14,
              "lit": "kubectl get pods\nkubectl get svc"
            }
          },
          {
            "key": "shell",
            "value": {
              "type": 0,
              "file": 1,
              "line": 155,
              "col": 16,
              "lit": "powershell"
            }
          }
        ]
      },
      "condition": "success()",
      "id": "208b0088-7a49-4df5-8e68-8dd290517248",
      "name": "__run_6"
    }
  ],
  "variables": {
    "Actions.EnableHttpRedirects": {
      "value": "true"
    },
    "DOCKER_USERNAME": {
      "value": "***",
      "isSecret": true
    },
    "DistributedTask.AddWarningToNode12Action": {
      "value": "true"
    },
    "DistributedTask.AddWarningToNode16Action": {
      "value": "true"
    },
    "DistributedTask.AllowRunnerContainerHooks": {
      "value": "true"
    },
    "DistributedTask.DeprecateStepOutputCommands": {
      "value": "true"
    },
    "DistributedTask.DetailUntarFailure": {
      "value": "true"
    },
    "DistributedTask.EnableCompositeActions": {
      "value": "true"
    },
    "DistributedTask.EnableJobServerQueueTelemetry": {
      "value": "true"
    },
    "DistributedTask.EnhancedAnnotations": {
      "value": "true"
    },
    "DistributedTask.ForceGithubJavascriptActionsToNode16": {
      "value": "true"
    },
    "DistributedTask.ForceGithubJavascriptActionsToNode20": {
      "value": "true"
    },
    "DistributedTask.LogTemplateErrorsAsDebugMessages": {
      "value": "true"
    },
    "DistributedTask.MarkJobAsFailedOnWorkerCrash": {
      "value": "true"
    },
    "DistributedTask.NewActionMetadata": {
      "value": "true"
    },
    "DistributedTask.UploadStepSummary": {
      "value": "true"
    },
    "DistributedTask.UseActionArchiveCache": {
      "value": "true"
    },
    "DistributedTask.UseWhich2": {
      "value": "true"
    },
    "RunService.FixEmbeddedIssues": {
      "value": "true"
    },
    "actions.runner.requirenode24": {
      "value": "false"
    },
    "actions.runner.usenode24bydefault": {
      "value": "true"
    },
    "actions.runner.warnonnode20": {
      "value": "true"
    },
    "actions_add_check_run_id_to_job_context": {
      "value": "true"
    },
    "actions_batch_action_resolution": {
      "value": "false"
    },
    "actions_container_action_runner_temp": {
      "value": "true"
    },
    "actions_display_helpful_actions_download_errors": {
      "value": "true"
    },
    "actions_runner_allow_artifacts_file": {
      "value": "false"
    },
    "actions_runner_compare_workflow_parser": {
      "value": "false"
    },
    "actions_runner_deprecate_linux_arm32": {
      "value": "true"
    },
    "actions_runner_emit_composite_markers": {
      "value": "true"
    },
    "actions_runner_kill_linux_arm32": {
      "value": "false"
    },
    "actions_runner_node20_removal_date": {
      "value": ""
    },
    "actions_runner_node24_default_date": {
      "value": "June 16th, 2026"
    },
    "actions_self_repository": {
      "value": "true"
    },
    "actions_service_container_command": {
      "value": "true"
    },
    "actions_set_orchestration_id_env_for_actions": {
      "value": "true"
    },
    "actions_skip_retry_complete_job_upon_known_errors": {
      "value": "true"
    },
    "actions_snapshot_preflight_hosted_runner_check": {
      "value": "false"
    },
    "actions_snapshot_preflight_image_gen_pool_check": {
      "value": "false"
    },
    "actions_use_bearer_token_for_codeload": {
      "value": "false"
    },
    "actions_uses_cache_service_v2": {
      "value": "true"
    },
    "github_token": {
      "value": "***",
      "isSecret": true
    },
    "system.from_run_service": {
      "value": "true"
    },
    "system.github.job": {
      "value": "deploy-k8s"
    },
    "system.github.launch_endpoint": {
      "value": "https://launch.actions.githubusercontent.com"
    },
    "system.github.results_endpoint": {
      "value": "https://results-receiver.actions.githubusercontent.com/"
    },
    "system.github.results_upload_with_sdk": {
      "value": "true"
    },
    "system.github.token": {
      "value": "***",
      "isSecret": true
    },
    "system.github.token.permissions": {
      "value": "{\"Contents\":\"read\",\"Metadata\":\"read\",\"Packages\":\"read\"}"
    },
    "system.orchestrationId": {
      "value": "f9f8b513-01ba-4479-94d4-dbd64730652a.deploy-k8s.__default"
    },
    "system.phaseDisplayName": {
      "value": "deploy-k8s"
    },
    "system.runner.lowdiskspacethreshold": {
      "value": "100"
    },
    "system.runnerEnvironment": {
      "value": "self-hosted"
    },
    "system.runnerGroupName": {
      "value": "Default"
    }
  },
  "messageType": "RunnerJobRequest",
  "plan": {
    "scopeIdentifier": "00000000-0000-0000-0000-000000000000",
    "planType": "actions",
    "version": 0,
    "planId": "f9f8b513-01ba-4479-94d4-dbd64730652a",
    "planGroup": null,
    "artifactUri": null,
    "artifactLocation": null,
    "definition": null,
    "owner": null
  },
  "timeline": {
    "id": "f9f8b513-01ba-4479-94d4-dbd64730652a",
    "changeId": 0,
    "location": null
  },
  "jobId": "814f6392-ec58-5462-bed6-36d95658d47a",
  "jobDisplayName": "deploy-k8s",
  "jobName": "__default",
  "requestId": 0,
  "lockedUntil": "0001-01-01T00:00:00",
  "resources": {
    "endpoints": [
      {
        "data": {
          "ServerId": "",
          "ServerName": "",
          "CacheServerUrl": "https://artifactcache.actions.githubusercontent.com/G2HGBoFcD4oli1CkiROIEitEEf7cQTrzmf6ALFELZO2MrcwBWt/",
          "FeedStreamUrl": "wss://results-receiver.actions.githubusercontent.com/_ws/ingest.sock",
          "ResultsServiceUrl": "https://results-receiver.actions.githubusercontent.com/",
          "PipelinesServiceUrl": "https://pipelinesghubeus12.actions.githubusercontent.com/G2HGBoFcD4oli1CkiROIEitEEf7cQTrzmf6ALFELZO2MrcwBWt/",
          "GenerateIdTokenUrl": "",
          "ConnectivityChecks": "[\"https://broker.actions.githubusercontent.com/health\",\"https://token.actions.githubusercontent.com/ready\",\"https://run.actions.githubusercontent.com/health\"]",
          "ConnectivityAndDNSChecks": ""
        },
        "name": "SystemVssConnection",
        "url": "https://run-actions-3-azure-eastus.actions.githubusercontent.com/141/",
        "authorization": {
          "parameters": {
            "AccessToken": "***"
          },
          "scheme": "OAuth"
        },
        "isShared": false,
        "isReady": true
      }
    ]
  },
  "contextData": {
    "github": {
      "t": 2,
      "d": [
        {
          "k": "ref",
          "v": "refs/heads/main"
        },
        {
          "k": "sha",
          "v": "69b47c3ea9cecbef1833ee447e88b3ead3f9f822"
        },
        {
          "k": "repository",
          "v": "Hieu1266/TestK8s"
        },
        {
          "k": "repository_owner",
          "v": "Hieu1266"
        },
        {
          "k": "repository_owner_id",
          "v": "181964307"
        },
        {
          "k": "repositoryUrl",
          "v": "git://github.com/Hieu1266/TestK8s.git"
        },
        {
          "k": "run_id",
          "v": "32483165069"
        },
        {
          "k": "run_number",
          "v": "7"
        },
        {
          "k": "retention_days",
          "v": "90"
        },
        {
          "k": "run_attempt",
          "v": "1"
        },
        {
          "k": "artifact_cache_size_limit",
          "v": "10"
        },
        {
          "k": "repository_visibility",
          "v": "public"
        },
        {
          "k": "actor_id",
          "v": "181964307"
        },
        {
          "k": "actor",
          "v": "Hieu1266"
        },
        {
          "k": "workflow",
          "v": "Build and Deploy to K8s"
        },
        {
          "k": "head_ref",
          "v": ""
        },
        {
          "k": "base_ref",
          "v": ""
        },
        {
          "k": "event_name",
          "v": "push"
        },
        {
          "k": "server_url",
          "v": "https://github.com"
        },
        {
          "k": "api_url",
          "v": "https://api.github.com"
        },
        {
          "k": "graphql_url",
          "v": "https://api.github.com/graphql"
        },
        {
          "k": "ref_name",
          "v": "main"
        },
        {
          "k": "ref_protected",
          "v": false
        },
        {
          "k": "ref_type",
          "v": "branch"
        },
        {
          "k": "secret_source",
          "v": "Actions"
        },
        {
          "k": "event",
          "v": {
            "t": 2,
            "d": [
              {
                "k": "after",
                "v": "69b47c3ea9cecbef1833ee447e88b3ead3f9f822"
              },
              {
                "k": "base_ref",
                "v": null
              },
              {
                "k": "before",
                "v": "5c118e0fe0a9c244add7058f3baf2303b01bea9e"
              },
              {
                "k": "commits",
                "v": {
                  "t": 1,
                  "a": [
                    {
                      "t": 2,
                      "d": [
                        {
                          "k": "author",
                          "v": {
                            "t": 2,
                            "d": [
                              {
                                "k": "email",
                                "v": "htt2k5b@gmail.com"
                              },
                              {
                                "k": "name",
                                "v": "Thanhhieu1609"
                              },
                              {
                                "k": "username",
                                "v": "Hieu1266"
                              }
                            ]
                          }
                        },
                        {
                          "k": "committer",
                          "v": {
                            "t": 2,
                            "d": [
                              {
                                "k": "email",
                                "v": "htt2k5b@gmail.com"
                              },
                              {
                                "k": "name",
                                "v": "Thanhhieu1609"
                              },
                              {
                                "k": "username",
                                "v": "Hieu1266"
                              }
                            ]
                          }
                        },
                        {
                          "k": "distinct",
                          "v": true
                        },
                        {
                          "k": "id",
                          "v": "69b47c3ea9cecbef1833ee447e88b3ead3f9f822"
                        },
                        {
                          "k": "message",
                          "v": "UI Settings"
                        },
                        {
                          "k": "timestamp",
                          "v": "2026-08-21T19:41:30+07:00"
                        },
                        {
                          "k": "tree_id",
                          "v": "1add299c66e506f17a36a73cdadecbfcaced1960"
                        },
                        {
                          "k": "url",
                          "v": "https://github.com/Hieu1266/TestK8s/commit/69b47c3ea9cecbef1833ee447e88b3ead3f9f822"
                        }
                      ]
                    }
                  ]
                }
              },
              {
                "k": "compare",
                "v": "https://github.com/Hieu1266/TestK8s/compare/5c118e0fe0a9...69b47c3ea9ce"
              },
              {
                "k": "created",
                "v": false
              },
              {
                "k": "deleted",
                "v": false
              },
              {
                "k": "forced",
                "v": false
              },
              {
                "k": "head_commit",
                "v": {
                  "t": 2,
                  "d": [
                    {
                      "k": "author",
                      "v": {
                        "t": 2,
                        "d": [
                          {
                            "k": "email",
                            "v": "htt2k5b@gmail.com"
                          },
                          {
                            "k": "name",
                            "v": "Thanhhieu1609"
                          },
                          {
                            "k": "username",
                            "v": "Hieu1266"
                          }
                        ]
                      }
                    },
                    {
                      "k": "committer",
                      "v": {
                        "t": 2,
                        "d": [
                          {
                            "k": "email",
                            "v": "htt2k5b@gmail.com"
                          },
                          {
                            "k": "name",
                            "v": "Thanhhieu1609"
                          },
                          {
                            "k": "username",
                            "v": "Hieu1266"
                          }
                        ]
                      }
                    },
                    {
                      "k": "distinct",
                      "v": true
                    },
                    {
                      "k": "id",
                      "v": "69b47c3ea9cecbef1833ee447e88b3ead3f9f822"
                    },
                    {
                      "k": "message",
                      "v": "UI Settings"
                    },
                    {
                      "k": "timestamp",
                      "v": "2026-08-21T19:41:30+07:00"
                    },
                    {
                      "k": "tree_id",
                      "v": "1add299c66e506f17a36a73cdadecbfcaced1960"
                    },
                    {
                      "k": "url",
                      "v": "https://github.com/Hieu1266/TestK8s/commit/69b47c3ea9cecbef1833ee447e88b3ead3f9f822"
                    }
                  ]
                }
              },
              {
                "k": "pusher",
                "v": {
                  "t": 2,
                  "d": [
                    {
                      "k": "email",
                      "v": "htt2k5b@gmail.com"
                    },
                    {
                      "k": "name",
                      "v": "Hieu1266"
                    }
                  ]
                }
              },
              {
                "k": "ref",
                "v": "refs/heads/main"
              },
              {
                "k": "repository",
                "v": {
                  "t": 2,
                  "d": [
                    {
                      "k": "allow_forking",
                      "v": true
                    },
                    {
                      "k": "archive_url",
                      "v": "https://api.github.com/repos/Hieu1266/TestK8s/{archive_format}{/ref}"
                    },
                    {
                      "k": "archived",
                      "v": false
                    },
                    {
                      "k": "assignees_url",
                      "v": "https://api.github.com/repos/Hieu1266/TestK8s/assignees{/user}"
                    },
                    {
                      "k": "blobs_url",
                      "v": "https://api.github.com/repos/Hieu1266/TestK8s/git/blobs{/sha}"
                    },
                    {
                      "k": "branches_url",
                      "v": "https://api.github.com/repos/Hieu1266/TestK8s/branches{/branch}"
                    },
                    {
                      "k": "clone_url",
                      "v": "https://github.com/Hieu1266/TestK8s.git"
                    },
                    {
                      "k": "collaborators_url",
                      "v": "https://api.github.com/repos/Hieu1266/TestK8s/collaborators{/collaborator}"
                    },
                    {
                      "k": "comments_url",
                      "v": "https://api.github.com/repos/Hieu1266/TestK8s/comments{/number}"
                    },
                    {
                      "k": "commits_url",
                      "v": "https://api.github.com/repos/Hieu1266/TestK8s/commits{/sha}"
                    },
                    {
                      "k": "compare_url",
                      "v": "https://api.github.com/repos/Hieu1266/TestK8s/compare/{base}...{head}"
                    },
                    {
                      "k": "contents_url",
                      "v": "https://api.github.com/repos/Hieu1266/TestK8s/contents/{+path}"
                    },
                    {
                      "k": "contributors_url",
                      "v": "https://api.github.com/repos/Hieu1266/TestK8s/contributors"
                    },
                    {
                      "k": "created_at",
                      "v": 1787300709.0
                    },
                    {
                      "k": "default_branch",
                      "v": "main"
                    },
                    {
                      "k": "deployments_url",
                      "v": "https://api.github.com/repos/Hieu1266/TestK8s/deployments"
                    },
                    {
                      "k": "description",
                      "v": null
                    },
                    {
                      "k": "disabled",
                      "v": false
                    },
                    {
                      "k": "downloads_url",
                      "v": "https://api.github.com/repos/Hieu1266/TestK8s/downloads"
                    },
                    {
                      "k": "events_url",
                      "v": "https://api.github.com/repos/Hieu1266/TestK8s/events"
                    },
                    {
                      "k": "fork",
                      "v": false
                    },
                    {
                      "k": "forks",
                      "v": 0.0
                    },
                    {
                      "k": "forks_count",
                      "v": 0.0
                    },
                    {
                      "k": "forks_url",
                      "v": "https://api.github.com/repos/Hieu1266/TestK8s/forks"
                    },
                    {
                      "k": "full_name",
                      "v": "Hieu1266/TestK8s"
                    },
                    {
                      "k": "git_commits_url",
                      "v": "https://api.github.com/repos/Hieu1266/TestK8s/git/commits{/sha}"
                    },
                    {
                      "k": "git_refs_url",
                      "v": "https://api.github.com/repos/Hieu1266/TestK8s/git/refs{/sha}"
                    },
                    {
                      "k": "git_tags_url",
                      "v": "https://api.github.com/repos/Hieu1266/TestK8s/git/tags{/sha}"
                    },
                    {
                      "k": "git_url",
                      "v": "git://github.com/Hieu1266/TestK8s.git"
                    },
                    {
                      "k": "has_discussions",
                      "v": false
                    },
                    {
                      "k": "has_downloads",
                      "v": true
                    },
                    {
                      "k": "has_issues",
                      "v": true
                    },
                    {
                      "k": "has_pages",
                      "v": false
                    },
                    {
                      "k": "has_projects",
                      "v": true
                    },
                    {
                      "k": "has_pull_requests",
                      "v": true
                    },
                    {
                      "k": "has_wiki",
                      "v": true
                    },
                    {
                      "k": "homepage",
                      "v": null
                    },
                    {
                      "k": "hooks_url",
                      "v": "https://api.github.com/repos/Hieu1266/TestK8s/hooks"
                    },
                    {
                      "k": "html_url",
                      "v": "https://github.com/Hieu1266/TestK8s"
                    },
                    {
                      "k": "id",
                      "v": 1341572615.0
                    },
                    {
                      "k": "is_template",
                      "v": false
                    },
                    {
                      "k": "issue_comment_url",
                      "v": "https://api.github.com/repos/Hieu1266/TestK8s/issues/comments{/number}"
                    },
                    {
                      "k": "issue_events_url",
                      "v": "https://api.github.com/repos/Hieu1266/TestK8s/issues/events{/number}"
                    },
                    {
                      "k": "issues_url",
                      "v": "https://api.github.com/repos/Hieu1266/TestK8s/issues{/number}"
                    },
                    {
                      "k": "keys_url",
                      "v": "https://api.github.com/repos/Hieu1266/TestK8s/keys{/key_id}"
                    },
                    {
                      "k": "labels_url",
                      "v": "https://api.github.com/repos/Hieu1266/TestK8s/labels{/name}"
                    },
                    {
                      "k": "language",
                      "v": "TypeScript"
                    },
                    {
                      "k": "languages_url",
                      "v": "https://api.github.com/repos/Hieu1266/TestK8s/languages"
                    },
                    {
                      "k": "license",
                      "v": null
                    },
                    {
                      "k": "master_branch",
                      "v": "main"
                    },
                    {
                      "k": "merges_url",
                      "v": "https://api.github.com/repos/Hieu1266/TestK8s/merges"
                    },
                    {
                      "k": "milestones_url",
                      "v": "https://api.github.com/repos/Hieu1266/TestK8s/milestones{/number}"
                    },
                    {
                      "k": "mirror_url",
                      "v": null
                    },
                    {
                      "k": "name",
                      "v": "TestK8s"
                    },
                    {
                      "k": "node_id",
                      "v": "R_kgDOT_bGBw"
                    },
                    {
                      "k": "notifications_url",
                      "v": "https://api.github.com/repos/Hieu1266/TestK8s/notifications{?since,all,participating}"
                    },
                    {
                      "k": "open_issues",
                      "v": 0.0
                    },
                    {
                      "k": "open_issues_count",
                      "v": 0.0
                    },
                    {
                      "k": "owner",
                      "v": {
                        "t": 2,
                        "d": [
                          {
                            "k": "avatar_url",
                            "v": "https://avatars.githubusercontent.com/u/181964307?v=4"
                          },
                          {
                            "k": "email",
                            "v": "htt2k5b@gmail.com"
                          },
                          {
                            "k": "events_url",
                            "v": "https://api.github.com/users/Hieu1266/events{/privacy}"
                          },
                          {
                            "k": "followers_url",
                            "v": "https://api.github.com/users/Hieu1266/followers"
                          },
                          {
                            "k": "following_url",
                            "v": "https://api.github.com/users/Hieu1266/following{/other_user}"
                          },
                          {
                            "k": "gists_url",
                            "v": "https://api.github.com/users/Hieu1266/gists{/gist_id}"
                          },
                          {
                            "k": "gravatar_id",
                            "v": ""
                          },
                          {
                            "k": "html_url",
                            "v": "https://github.com/Hieu1266"
                          },
                          {
                            "k": "id",
                            "v": 181964307.0
                          },
                          {
                            "k": "login",
                            "v": "Hieu1266"
                          },
                          {
                            "k": "name",
                            "v": "Hieu1266"
                          },
                          {
                            "k": "node_id",
                            "v": "U_kgDOCtiOEw"
                          },
                          {
                            "k": "organizations_url",
                            "v": "https://api.github.com/users/Hieu1266/orgs"
                          },
                          {
                            "k": "received_events_url",
                            "v": "https://api.github.com/users/Hieu1266/received_events"
                          },
                          {
                            "k": "repos_url",
                            "v": "https://api.github.com/users/Hieu1266/repos"
                          },
                          {
                            "k": "site_admin",
                            "v": false
                          },
                          {
                            "k": "starred_url",
                            "v": "https://api.github.com/users/Hieu1266/starred{/owner}{/repo}"
                          },
                          {
                            "k": "subscriptions_url",
                            "v": "https://api.github.com/users/Hieu1266/subscriptions"
                          },
                          {
                            "k": "type",
                            "v": "User"
                          },
                          {
                            "k": "url",
                            "v": "https://api.github.com/users/Hieu1266"
                          },
                          {
                            "k": "user_view_type",
                            "v": "public"
                          }
                        ]
                      }
                    },
                    {
                      "k": "private",
                      "v": false
                    },
                    {
                      "k": "pull_request_creation_policy",
                      "v": "all"
                    },
                    {
                      "k": "pulls_url",
                      "v": "https://api.github.com/repos/Hieu1266/TestK8s/pulls{/number}"
                    },
                    {
                      "k": "pushed_at",
                      "v": 1787316145.0
                    },
                    {
                      "k": "releases_url",
                      "v": "https://api.github.com/repos/Hieu1266/TestK8s/releases{/id}"
                    },
                    {
                      "k": "size",
                      "v": 185566.0
                    },
                    {
                      "k": "ssh_url",
                      "v": "git@github.com:Hieu1266/TestK8s.git"
                    },
                    {
                      "k": "stargazers",
                      "v": 0.0
                    },
                    {
                      "k": "stargazers_count",
                      "v": 0.0
                    },
                    {
                      "k": "stargazers_url",
                      "v": "https://api.github.com/repos/Hieu1266/TestK8s/stargazers"
                    },
                    {
                      "k": "statuses_url",
                      "v": "https://api.github.com/repos/Hieu1266/TestK8s/statuses/{sha}"
                    },
                    {
                      "k": "subscribers_url",
                      "v": "https://api.github.com/repos/Hieu1266/TestK8s/subscribers"
                    },
                    {
                      "k": "subscription_url",
                      "v": "https://api.github.com/repos/Hieu1266/TestK8s/subscription"
                    },
                    {
                      "k": "svn_url",
                      "v": "https://github.com/Hieu1266/TestK8s"
                    },
                    {
                      "k": "tags_url",
                      "v": "https://api.github.com/repos/Hieu1266/TestK8s/tags"
                    },
                    {
                      "k": "teams_url",
                      "v": "https://api.github.com/repos/Hieu1266/TestK8s/teams"
                    },
                    {
                      "k": "topics",
                      "v": {
                        "t": 1
                      }
                    },
                    {
                      "k": "trees_url",
                      "v": "https://api.github.com/repos/Hieu1266/TestK8s/git/trees{/sha}"
                    },
                    {
                      "k": "updated_at",
                      "v": "2026-08-21T11:04:15Z"
                    },
                    {
                      "k": "url",
                      "v": "https://api.github.com/repos/Hieu1266/TestK8s"
                    },
                    {
                      "k": "visibility",
                      "v": "public"
                    },
                    {
                      "k": "watchers",
                      "v": 0.0
                    },
                    {
                      "k": "watchers_count",
                      "v": 0.0
                    },
                    {
                      "k": "web_commit_signoff_required",
                      "v": false
                    }
                  ]
                }
              },
              {
                "k": "sender",
                "v": {
                  "t": 2,
                  "d": [
                    {
                      "k": "avatar_url",
                      "v": "https://avatars.githubusercontent.com/u/181964307?v=4"
                    },
                    {
                      "k": "events_url",
                      "v": "https://api.github.com/users/Hieu1266/events{/privacy}"
                    },
                    {
                      "k": "followers_url",
                      "v": "https://api.github.com/users/Hieu1266/followers"
                    },
                    {
                      "k": "following_url",
                      "v": "https://api.github.com/users/Hieu1266/following{/other_user}"
                    },
                    {
                      "k": "gists_url",
                      "v": "https://api.github.com/users/Hieu1266/gists{/gist_id}"
                    },
                    {
                      "k": "gravatar_id",
                      "v": ""
                    },
                    {
                      "k": "html_url",
                      "v": "https://github.com/Hieu1266"
                    },
                    {
                      "k": "id",
                      "v": 181964307.0
                    },
                    {
                      "k": "login",
                      "v": "Hieu1266"
                    },
                    {
                      "k": "node_id",
                      "v": "U_kgDOCtiOEw"
                    },
                    {
                      "k": "organizations_url",
                      "v": "https://api.github.com/users/Hieu1266/orgs"
                    },
                    {
                      "k": "received_events_url",
                      "v": "https://api.github.com/users/Hieu1266/received_events"
                    },
                    {
                      "k": "repos_url",
                      "v": "https://api.github.com/users/Hieu1266/repos"
                    },
                    {
                      "k": "site_admin",
                      "v": false
                    },
                    {
                      "k": "starred_url",
                      "v": "https://api.github.com/users/Hieu1266/starred{/owner}{/repo}"
                    },
                    {
                      "k": "subscriptions_url",
                      "v": "https://api.github.com/users/Hieu1266/subscriptions"
                    },
                    {
                      "k": "type",
                      "v": "User"
                    },
                    {
                      "k": "url",
                      "v": "https://api.github.com/users/Hieu1266"
                    },
                    {
                      "k": "user_view_type",
                      "v": "public"
                    }
                  ]
                }
              }
            ]
          }
        },
        {
          "k": "workflow_ref",
          "v": "Hieu1266/TestK8s/.github/workflows/deploy.yml@refs/heads/main"
        },
        {
          "k": "workflow_sha",
          "v": "69b47c3ea9cecbef1833ee447e88b3ead3f9f822"
        },
        {
          "k": "repository_id",
          "v": "1341572615"
        },
        {
          "k": "triggering_actor",
          "v": "Hieu1266"
        }
      ]
    },
    "inputs": {
      "t": 2
    },
    "job": {
      "t": 2,
      "d": [
        {
          "k": "check_run_id",
          "v": 96774564784.0
        },
        {
          "k": "workflow_ref",
          "v": "Hieu1266/TestK8s/.github/workflows/deploy.yml@refs/heads/main"
        },
        {
          "k": "workflow_sha",
          "v": "69b47c3ea9cecbef1833ee447e88b3ead3f9f822"
        },
        {
          "k": "workflow_repository",
          "v": "Hieu1266/TestK8s"
        },
        {
          "k": "workflow_file_path",
          "v": ".github/workflows/deploy.yml"
        }
      ]
    },
    "matrix": null,
    "needs": {
      "t": 2,
      "d": [
        {
          "k": "build-backend",
          "v": {
            "t": 2,
            "d": [
              {
                "k": "result",
                "v": "success"
              },
              {
                "k": "outputs",
                "v": {
                  "t": 2
                }
              }
            ]
          }
        },
        {
          "k": "build-frontend",
          "v": {
            "t": 2,
            "d": [
              {
                "k": "result",
                "v": "success"
              },
              {
                "k": "outputs",
                "v": {
                  "t": 2
                }
              }
            ]
          }
        }
      ]
    },
    "strategy": {
      "t": 2,
      "d": [
        {
          "k": "fail-fast",
          "v": true
        },
        {
          "k": "job-index",
          "v": 0.0
        },
        {
          "k": "job-total",
          "v": 1.0
        },
        {
          "k": "max-parallel",
          "v": 1.0
        }
      ]
    },
    "vars": {
      "t": 2
    }
  },
  "billingOwnerId": "U_kgDOCtiOEw"
}
[2026-08-21 12:44:58Z INFO JobRunner] Job ID 814f6392-ec58-5462-bed6-36d95658d47a
[2026-08-21 12:44:58Z INFO ConfigurationStore] currentAssemblyLocation: D:\Remote-Learning---LUMER\Remote-Learning-LUMER\actions-runner\bin\Runner.Worker.dll
[2026-08-21 12:44:58Z INFO HostContext] Well known directory 'Bin': 'D:\Remote-Learning---LUMER\Remote-Learning-LUMER\actions-runner\bin'
[2026-08-21 12:44:58Z INFO ConfigurationStore] binPath: D:\Remote-Learning---LUMER\Remote-Learning-LUMER\actions-runner\bin
[2026-08-21 12:44:58Z INFO HostContext] Well known directory 'Bin': 'D:\Remote-Learning---LUMER\Remote-Learning-LUMER\actions-runner\bin'
[2026-08-21 12:44:58Z INFO HostContext] Well known directory 'Root': 'D:\Remote-Learning---LUMER\Remote-Learning-LUMER\actions-runner'
[2026-08-21 12:44:58Z INFO ConfigurationStore] RootFolder: D:\Remote-Learning---LUMER\Remote-Learning-LUMER\actions-runner
[2026-08-21 12:44:58Z INFO HostContext] Well known directory 'Bin': 'D:\Remote-Learning---LUMER\Remote-Learning-LUMER\actions-runner\bin'
[2026-08-21 12:44:58Z INFO HostContext] Well known directory 'Root': 'D:\Remote-Learning---LUMER\Remote-Learning-LUMER\actions-runner'
[2026-08-21 12:44:58Z INFO HostContext] Well known config file 'Runner': 'D:\Remote-Learning---LUMER\Remote-Learning-LUMER\actions-runner\.runner'
[2026-08-21 12:44:58Z INFO ConfigurationStore] ConfigFilePath: D:\Remote-Learning---LUMER\Remote-Learning-LUMER\actions-runner\.runner
[2026-08-21 12:44:58Z INFO HostContext] Well known directory 'Bin': 'D:\Remote-Learning---LUMER\Remote-Learning-LUMER\actions-runner\bin'
[2026-08-21 12:44:58Z INFO HostContext] Well known directory 'Root': 'D:\Remote-Learning---LUMER\Remote-Learning-LUMER\actions-runner'
[2026-08-21 12:44:58Z INFO HostContext] Well known config file 'MigratedRunner': 'D:\Remote-Learning---LUMER\Remote-Learning-LUMER\actions-runner\.runner_migrated'
[2026-08-21 12:44:58Z INFO ConfigurationStore] MigratedConfigFilePath: D:\Remote-Learning---LUMER\Remote-Learning-LUMER\actions-runner\.runner_migrated
[2026-08-21 12:44:58Z INFO HostContext] Well known directory 'Bin': 'D:\Remote-Learning---LUMER\Remote-Learning-LUMER\actions-runner\bin'
[2026-08-21 12:44:58Z INFO HostContext] Well known directory 'Root': 'D:\Remote-Learning---LUMER\Remote-Learning-LUMER\actions-runner'
[2026-08-21 12:44:58Z INFO HostContext] Well known config file 'Credentials': 'D:\Remote-Learning---LUMER\Remote-Learning-LUMER\actions-runner\.credentials'
[2026-08-21 12:44:58Z INFO ConfigurationStore] CredFilePath: D:\Remote-Learning---LUMER\Remote-Learning-LUMER\actions-runner\.credentials
[2026-08-21 12:44:58Z INFO HostContext] Well known directory 'Bin': 'D:\Remote-Learning---LUMER\Remote-Learning-LUMER\actions-runner\bin'
[2026-08-21 12:44:58Z INFO HostContext] Well known directory 'Root': 'D:\Remote-Learning---LUMER\Remote-Learning-LUMER\actions-runner'
[2026-08-21 12:44:58Z INFO HostContext] Well known config file 'MigratedCredentials': 'D:\Remote-Learning---LUMER\Remote-Learning-LUMER\actions-runner\.credentials_migrated'
[2026-08-21 12:44:58Z INFO ConfigurationStore] MigratedCredFilePath: D:\Remote-Learning---LUMER\Remote-Learning-LUMER\actions-runner\.credentials_migrated
[2026-08-21 12:44:58Z INFO HostContext] Well known directory 'Bin': 'D:\Remote-Learning---LUMER\Remote-Learning-LUMER\actions-runner\bin'
[2026-08-21 12:44:58Z INFO HostContext] Well known directory 'Root': 'D:\Remote-Learning---LUMER\Remote-Learning-LUMER\actions-runner'
[2026-08-21 12:44:58Z INFO HostContext] Well known config file 'Service': 'D:\Remote-Learning---LUMER\Remote-Learning-LUMER\actions-runner\.service'
[2026-08-21 12:44:58Z INFO ConfigurationStore] ServiceConfigFilePath: D:\Remote-Learning---LUMER\Remote-Learning-LUMER\actions-runner\.service
[2026-08-21 12:44:58Z INFO ConfigurationStore] Read setting file: 384 chars
[2026-08-21 12:44:58Z INFO JobRunner] Initializing launch client
[2026-08-21 12:44:58Z INFO JobServerQueue] Initializing results client
[2026-08-21 12:44:58Z INFO ResultServer] Creating websocket client ...wss://results-receiver.actions.githubusercontent.com/_ws/ingest.sock
[2026-08-21 12:44:58Z INFO ResultServer] Attempting to start websocket client with delay 00:00:00.
[2026-08-21 12:44:58Z INFO JobServerQueue] Start process web console line queue.
[2026-08-21 12:44:58Z INFO JobServerQueue] Start process file upload queue.
[2026-08-21 12:44:58Z INFO JobServerQueue] Start results file upload queue.
[2026-08-21 12:44:58Z INFO JobServerQueue] Starting results-based upload queue...
[2026-08-21 12:44:58Z INFO JobServerQueue] Start process timeline update queue.
[2026-08-21 12:44:58Z INFO ExecutionContext] Initializing Job context
[2026-08-21 12:44:58Z INFO ExecutionContext] Initialize GitHub context
[2026-08-21 12:44:58Z INFO ExecutionContext] Initialize Env context
[2026-08-21 12:44:58Z INFO HostContext] Well known directory 'Bin': 'D:\Remote-Learning---LUMER\Remote-Learning-LUMER\actions-runner\bin'
[2026-08-21 12:44:58Z INFO HostContext] Well known directory 'Root': 'D:\Remote-Learning---LUMER\Remote-Learning-LUMER\actions-runner'
[2026-08-21 12:44:58Z INFO HostContext] Well known directory 'Diag': 'D:\Remote-Learning---LUMER\Remote-Learning-LUMER\actions-runner\_diag'
[2026-08-21 12:44:58Z INFO HostContext] Well known directory 'Bin': 'D:\Remote-Learning---LUMER\Remote-Learning-LUMER\actions-runner\bin'
[2026-08-21 12:44:58Z INFO HostContext] Well known directory 'Root': 'D:\Remote-Learning---LUMER\Remote-Learning-LUMER\actions-runner'
[2026-08-21 12:44:58Z INFO HostContext] Well known directory 'Diag': 'D:\Remote-Learning---LUMER\Remote-Learning-LUMER\actions-runner\_diag'
[2026-08-21 12:44:58Z INFO JobRunner] Starting the job execution context.
[2026-08-21 12:44:58Z INFO HostContext] Well known directory 'Bin': 'D:\Remote-Learning---LUMER\Remote-Learning-LUMER\actions-runner\bin'
[2026-08-21 12:44:58Z INFO HostContext] Well known directory 'Root': 'D:\Remote-Learning---LUMER\Remote-Learning-LUMER\actions-runner'
[2026-08-21 12:44:58Z INFO HostContext] Well known directory 'Work': 'D:\Remote-Learning---LUMER\Remote-Learning-LUMER\actions-runner\_work'
[2026-08-21 12:44:58Z INFO JobRunner] Validating directory permissions for: 'D:\Remote-Learning---LUMER\Remote-Learning-LUMER\actions-runner\_work'
[2026-08-21 12:44:58Z INFO HostContext] Well known directory 'Bin': 'D:\Remote-Learning---LUMER\Remote-Learning-LUMER\actions-runner\bin'
[2026-08-21 12:44:58Z INFO HostContext] Well known directory 'Root': 'D:\Remote-Learning---LUMER\Remote-Learning-LUMER\actions-runner'
[2026-08-21 12:44:58Z INFO HostContext] Well known directory 'Work': 'D:\Remote-Learning---LUMER\Remote-Learning-LUMER\actions-runner\_work'
[2026-08-21 12:44:58Z INFO HostContext] Well known directory 'Tools': 'D:\Remote-Learning---LUMER\Remote-Learning-LUMER\actions-runner\_work\_tool'
[2026-08-21 12:44:58Z INFO HostContext] Well known directory 'Bin': 'D:\Remote-Learning---LUMER\Remote-Learning-LUMER\actions-runner\bin'
[2026-08-21 12:44:58Z INFO HostContext] Well known directory 'Root': 'D:\Remote-Learning---LUMER\Remote-Learning-LUMER\actions-runner'
[2026-08-21 12:44:58Z INFO HostContext] Well known directory 'Work': 'D:\Remote-Learning---LUMER\Remote-Learning-LUMER\actions-runner\_work'
[2026-08-21 12:44:58Z INFO HostContext] Well known directory 'Temp': 'D:\Remote-Learning---LUMER\Remote-Learning-LUMER\actions-runner\_work\_temp'
[2026-08-21 12:44:58Z INFO JobRunner] Getting job extension.
[2026-08-21 12:44:58Z INFO JobRunner] Initialize job. Getting all job steps.
[2026-08-21 12:44:58Z INFO HostContext] Well known directory 'Bin': 'D:\Remote-Learning---LUMER\Remote-Learning-LUMER\actions-runner\bin'
[2026-08-21 12:44:58Z INFO HostContext] Well known directory 'Root': 'D:\Remote-Learning---LUMER\Remote-Learning-LUMER\actions-runner'
[2026-08-21 12:44:58Z INFO HostContext] Well known directory 'Diag': 'D:\Remote-Learning---LUMER\Remote-Learning-LUMER\actions-runner\_diag'
[2026-08-21 12:44:58Z INFO HostContext] Well known directory 'Bin': 'D:\Remote-Learning---LUMER\Remote-Learning-LUMER\actions-runner\bin'
[2026-08-21 12:44:58Z INFO HostContext] Well known directory 'Root': 'D:\Remote-Learning---LUMER\Remote-Learning-LUMER\actions-runner'
[2026-08-21 12:44:58Z INFO HostContext] Well known directory 'Diag': 'D:\Remote-Learning---LUMER\Remote-Learning-LUMER\actions-runner\_diag'
[2026-08-21 12:44:58Z INFO HostContext] Well known directory 'Bin': 'D:\Remote-Learning---LUMER\Remote-Learning-LUMER\actions-runner\bin'
[2026-08-21 12:44:58Z INFO HostContext] Well known directory 'Root': 'D:\Remote-Learning---LUMER\Remote-Learning-LUMER\actions-runner'
[2026-08-21 12:44:58Z INFO HostContext] Well known config file 'Credentials': 'D:\Remote-Learning---LUMER\Remote-Learning-LUMER\actions-runner\.credentials'
[2026-08-21 12:44:58Z INFO HostContext] Well known directory 'Bin': 'D:\Remote-Learning---LUMER\Remote-Learning-LUMER\actions-runner\bin'
[2026-08-21 12:44:58Z INFO HostContext] Well known directory 'Root': 'D:\Remote-Learning---LUMER\Remote-Learning-LUMER\actions-runner'
[2026-08-21 12:44:58Z INFO HostContext] Well known config file 'SetupInfo': 'D:\Remote-Learning---LUMER\Remote-Learning-LUMER\actions-runner\.setup_info'
[2026-08-21 12:44:58Z INFO HostContext] Well known directory 'Bin': 'D:\Remote-Learning---LUMER\Remote-Learning-LUMER\actions-runner\bin'
[2026-08-21 12:44:58Z INFO HostContext] Well known directory 'Root': 'D:\Remote-Learning---LUMER\Remote-Learning-LUMER\actions-runner'
[2026-08-21 12:44:58Z INFO HostContext] Well known directory 'Work': 'D:\Remote-Learning---LUMER\Remote-Learning-LUMER\actions-runner\_work'
[2026-08-21 12:44:58Z INFO PipelineDirectoryManager] Loading tracking config if exists: D:\Remote-Learning---LUMER\Remote-Learning-LUMER\actions-runner\_work\_PipelineMapping\Hieu1266/TestK8s\PipelineFolder.json
[2026-08-21 12:44:58Z INFO PipelineDirectoryManager] Updating job run properties.
[2026-08-21 12:44:58Z INFO HostContext] Well known directory 'Bin': 'D:\Remote-Learning---LUMER\Remote-Learning-LUMER\actions-runner\bin'
[2026-08-21 12:44:58Z INFO HostContext] Well known directory 'Root': 'D:\Remote-Learning---LUMER\Remote-Learning-LUMER\actions-runner'
[2026-08-21 12:44:58Z INFO HostContext] Well known directory 'Work': 'D:\Remote-Learning---LUMER\Remote-Learning-LUMER\actions-runner\_work'
[2026-08-21 12:44:58Z INFO HostContext] Well known directory 'Bin': 'D:\Remote-Learning---LUMER\Remote-Learning-LUMER\actions-runner\bin'
[2026-08-21 12:44:58Z INFO HostContext] Well known directory 'Root': 'D:\Remote-Learning---LUMER\Remote-Learning-LUMER\actions-runner'
[2026-08-21 12:44:58Z INFO HostContext] Well known directory 'Work': 'D:\Remote-Learning---LUMER\Remote-Learning-LUMER\actions-runner\_work'
[2026-08-21 12:44:58Z INFO HostContext] Well known directory 'Bin': 'D:\Remote-Learning---LUMER\Remote-Learning-LUMER\actions-runner\bin'
[2026-08-21 12:44:58Z INFO HostContext] Well known directory 'Root': 'D:\Remote-Learning---LUMER\Remote-Learning-LUMER\actions-runner'
[2026-08-21 12:44:58Z INFO HostContext] Well known directory 'Work': 'D:\Remote-Learning---LUMER\Remote-Learning-LUMER\actions-runner\_work'
[2026-08-21 12:44:58Z INFO JobExtension] Downloading actions
[2026-08-21 12:44:58Z INFO HostContext] Well known directory 'Bin': 'D:\Remote-Learning---LUMER\Remote-Learning-LUMER\actions-runner\bin'
[2026-08-21 12:44:58Z INFO HostContext] Well known directory 'Root': 'D:\Remote-Learning---LUMER\Remote-Learning-LUMER\actions-runner'
[2026-08-21 12:44:58Z INFO HostContext] Well known directory 'Work': 'D:\Remote-Learning---LUMER\Remote-Learning-LUMER\actions-runner\_work'
[2026-08-21 12:44:58Z INFO HostContext] Well known directory 'Actions': 'D:\Remote-Learning---LUMER\Remote-Learning-LUMER\actions-runner\_work\_actions'
[2026-08-21 12:44:58Z INFO Worker] Listening for cancel message from the channel.
[2026-08-21 12:44:58Z INFO Worker] Waiting for the job to complete or for a cancel message from the channel.
[2026-08-21 12:44:59Z INFO ResultServer] Successfully started websocket client.
[2026-08-21 12:44:59Z INFO JobServerQueue] Try to append 1 batches web console lines for record 'e559b077-eeaf-46ad-8c34-e2edce15fa30', success rate: 1/1.
[2026-08-21 12:44:59Z INFO HostContext] Well known directory 'Bin': 'D:\Remote-Learning---LUMER\Remote-Learning-LUMER\actions-runner\bin'
[2026-08-21 12:44:59Z INFO HostContext] Well known directory 'Root': 'D:\Remote-Learning---LUMER\Remote-Learning-LUMER\actions-runner'
[2026-08-21 12:44:59Z INFO HostContext] Well known directory 'Work': 'D:\Remote-Learning---LUMER\Remote-Learning-LUMER\actions-runner\_work'
[2026-08-21 12:44:59Z INFO HostContext] Well known directory 'Actions': 'D:\Remote-Learning---LUMER\Remote-Learning-LUMER\actions-runner\_work\_actions'
[2026-08-21 12:44:59Z INFO HostContext] Well known directory 'Bin': 'D:\Remote-Learning---LUMER\Remote-Learning-LUMER\actions-runner\bin'
[2026-08-21 12:44:59Z INFO HostContext] Well known directory 'Root': 'D:\Remote-Learning---LUMER\Remote-Learning-LUMER\actions-runner'
[2026-08-21 12:44:59Z INFO HostContext] Well known directory 'Work': 'D:\Remote-Learning---LUMER\Remote-Learning-LUMER\actions-runner\_work'
[2026-08-21 12:44:59Z INFO HostContext] Well known directory 'Actions': 'D:\Remote-Learning---LUMER\Remote-Learning-LUMER\actions-runner\_work\_actions'
[2026-08-21 12:44:59Z INFO ActionManager] Save archive 'https://codeload.github.com/actions/checkout/zip/11d5960a326750d5838078e36cf38b85af677262' into D:\Remote-Learning---LUMER\Remote-Learning-LUMER\actions-runner\_work\_actions\_temp_13581b26-4091-46b2-9c43-82dbee655587\03f6dcbc-d517-4116-8463-500b3bb96a56.zip.
[2026-08-21 12:44:59Z INFO ActionManager] Using Basic token for action archive download.
[2026-08-21 12:44:59Z INFO JobServerQueue] Try to append 1 batches web console lines for record 'e559b077-eeaf-46ad-8c34-e2edce15fa30', success rate: 1/1.
[2026-08-21 12:44:59Z INFO JobServerQueue] Job timeline record has been updated for the first time.
[2026-08-21 12:45:00Z INFO ActionManager] Request URL: https://codeload.github.com/actions/checkout/zip/11d5960a326750d5838078e36cf38b85af677262 X-GitHub-Request-Id: DA6C:37DD62:56C35:1352B0:6A884878 Http Status: OK
[2026-08-21 12:45:00Z INFO ActionManager] Finished getting action repository.
[2026-08-21 12:45:00Z INFO HostContext] Well known directory 'Bin': 'D:\Remote-Learning---LUMER\Remote-Learning-LUMER\actions-runner\bin'
[2026-08-21 12:45:00Z INFO HostContext] Well known directory 'Root': 'D:\Remote-Learning---LUMER\Remote-Learning-LUMER\actions-runner'
[2026-08-21 12:45:00Z INFO HostContext] Well known directory 'Work': 'D:\Remote-Learning---LUMER\Remote-Learning-LUMER\actions-runner\_work'
[2026-08-21 12:45:00Z INFO HostContext] Well known directory 'Actions': 'D:\Remote-Learning---LUMER\Remote-Learning-LUMER\actions-runner\_work\_actions'
[2026-08-21 12:45:00Z INFO ActionManifestManagerLegacy] Load schema file with definitions: [
  "null",
  "boolean",
  "number",
  "string",
  "sequence",
  "mapping",
  "any",
  "action-root",
  "inputs",
  "input",
  "outputs",
  "output-definition",
  "runs",
  "container-runs",
  "container-runs-args",
  "container-runs-env",
  "node-runs",
  "plugin-runs",
  "composite-runs",
  "composite-steps",
  "composite-step",
  "run-step",
  "uses-step",
  "container-runs-context",
  "output-value",
  "input-default-context",
  "non-empty-string",
  "string-steps-context",
  "boolean-steps-context",
  "step-env",
  "step-if",
  "step-with"
]
[2026-08-21 12:45:00Z INFO ActionManifestManager] Load schema file with definitions: [
  "null",
  "boolean",
  "number",
  "string",
  "sequence",
  "mapping",
  "any",
  "action-root",
  "inputs",
  "input",
  "outputs",
  "output-definition",
  "runs",
  "container-runs",
  "container-runs-args",
  "container-runs-env",
  "node-runs",
  "plugin-runs",
  "composite-runs",
  "composite-steps",
  "composite-step",
  "run-step",
  "uses-step",
  "container-runs-context",
  "output-value",
  "input-default-context",
  "non-empty-string",
  "string-steps-context",
  "boolean-steps-context",
  "step-env",
  "step-if",
  "step-with"
]
[2026-08-21 12:45:00Z INFO HostContext] Well known directory 'Bin': 'D:\Remote-Learning---LUMER\Remote-Learning-LUMER\actions-runner\bin'
[2026-08-21 12:45:00Z INFO HostContext] Well known directory 'Root': 'D:\Remote-Learning---LUMER\Remote-Learning-LUMER\actions-runner'
[2026-08-21 12:45:00Z INFO HostContext] Well known directory 'Work': 'D:\Remote-Learning---LUMER\Remote-Learning-LUMER\actions-runner\_work'
[2026-08-21 12:45:00Z INFO HostContext] Well known directory 'Actions': 'D:\Remote-Learning---LUMER\Remote-Learning-LUMER\actions-runner\_work\_actions'
[2026-08-21 12:45:00Z INFO ActionManifestManagerLegacy] Loaded action.yml file: {
  "name": "Checkout",
  "description": "Checkout a Git repository at a particular version",
  "inputs": {
    "type": 2,
    "map": [
      {
        "key": {
          "type": 0,
          "file": 2,
          "line": 4,
          "col": 3,
          "lit": "repository"
        },
        "value": {
          "type": 3,
          "file": 2,
          "line": 6,
          "col": 14,
          "expr": "github.repository"
        }
      },
      {
        "key": {
          "type": 0,
          "file": 2,
          "line": 7,
          "col": 3,
          "lit": "ref"
        },
        "value": ""
      },
      {
        "key": {
          "type": 0,
          "file": 2,
          "line": 12,
          "col": 3,
          "lit": "token"
        },
        "value": {
          "type": 3,
          "file": 2,
          "line": 24,
          "col": 14,
          "expr": "github.token"
        }
      },
      {
        "key": {
          "type": 0,
          "file": 2,
          "line": 25,
          "col": 3,
          "lit": "ssh-key"
        },
        "value": ""
      },
      {
        "key": {
          "type": 0,
          "file": 2,
          "line": 37,
          "col": 3,
          "lit": "ssh-known-hosts"
        },
        "value": ""
      },
      {
        "key": {
          "type": 0,
          "file": 2,
          "line": 42,
          "col": 3,
          "lit": "ssh-strict"
        },
        "value": {
          "type": 0,
          "file": 2,
          "line": 47,
          "col": 14,
          "lit": "true"
        }
      },
      {
        "key": {
          "type": 0,
          "file": 2,
          "line": 48,
          "col": 3,
          "lit": "ssh-user"
        },
        "value": {
          "type": 0,
          "file": 2,
          "line": 51,
          "col": 14,
          "lit": "git"
        }
      },
      {
        "key": {
          "type": 0,
          "file": 2,
          "line": 52,
          "col": 3,
          "lit": "persist-credentials"
        },
        "value": {
          "type": 0,
          "file": 2,
          "line": 54,
          "col": 14,
          "lit": "true"
        }
      },
      {
        "key": {
          "type": 0,
          "file": 2,
          "line": 55,
          "col": 3,
          "lit": "path"
        },
        "value": ""
      },
      {
        "key": {
          "type": 0,
          "file": 2,
          "line": 57,
          "col": 3,
          "lit": "clean"
        },
        "value": {
          "type": 0,
          "file": 2,
          "line": 59,
          "col": 14,
          "lit": "true"
        }
      },
      {
        "key": {
          "type": 0,
          "file": 2,
          "line": 60,
          "col": 3,
          "lit": "filter"
        },
        "value": {
          "type": 0,
          "file": 2,
          "line": 64,
          "col": 14,
          "lit": ""
        }
      },
      {
        "key": {
          "type": 0,
          "file": 2,
          "line": 65,
          "col": 3,
          "lit": "sparse-checkout"
        },
        "value": {
          "type": 0,
          "file": 2,
          "line": 69,
          "col": 14,
          "lit": ""
        }
      },
      {
        "key": {
          "type": 0,
          "file": 2,
          "line": 70,
          "col": 3,
          "lit": "sparse-checkout-cone-mode"
        },
        "value": {
          "type": 0,
          "file": 2,
          "line": 73,
          "col": 14,
          "lit": "true"
        }
      },
      {
        "key": {
          "type": 0,
          "file": 2,
          "line": 74,
          "col": 3,
          "lit": "fetch-depth"
        },
        "value": {
          "type": 0,
          "file": 2,
          "line": 76,
          "col": 14,
          "lit": "1"
        }
      },
      {
        "key": {
          "type": 0,
          "file": 2,
          "line": 77,
          "col": 3,
          "lit": "fetch-tags"
        },
        "value": {
          "type": 0,
          "file": 2,
          "line": 79,
          "col": 14,
          "lit": "false"
        }
      },
      {
        "key": {
          "type": 0,
          "file": 2,
          "line": 80,
          "col": 3,
          "lit": "show-progress"
        },
        "value": {
          "type": 0,
          "file": 2,
          "line": 82,
          "col": 14,
          "lit": "true"
        }
      },
      {
        "key": {
          "type": 0,
          "file": 2,
          "line": 83,
          "col": 3,
          "lit": "lfs"
        },
        "value": {
          "type": 0,
          "file": 2,
          "line": 85,
          "col": 14,
          "lit": "false"
        }
      },
      {
        "key": {
          "type": 0,
          "file": 2,
          "line": 86,
          "col": 3,
          "lit": "submodules"
        },
        "value": {
          "type": 0,
          "file": 2,
          "line": 94,
          "col": 14,
          "lit": "false"
        }
      },
      {
        "key": {
          "type": 0,
          "file": 2,
          "line": 95,
          "col": 3,
          "lit": "set-safe-directory"
        },
        "value": {
          "type": 0,
          "file": 2,
          "line": 97,
          "col": 14,
          "lit": "true"
        }
      },
      {
        "key": {
          "type": 0,
          "file": 2,
          "line": 98,
          "col": 3,
          "lit": "github-server-url"
        },
        "value": ""
      },
      {
        "key": {
          "type": 0,
          "file": 2,
          "line": 101,
          "col": 3,
          "lit": "allow-unsafe-pr-checkout"
        },
        "value": {
          "type": 0,
          "file": 2,
          "line": 109,
          "col": 14,
          "lit": "false"
        }
      }
    ]
  },
  "execution": {
    "executionType": "nodeJS",
    "hasPre": false,
    "hasPost": true,
    "script": "dist/index.js",
    "pre": null,
    "post": "dist/index.js",
    "nodeVersion": "node20",
    "cleanupCondition": "always()",
    "initCondition": "always()"
  },
  "deprecated": null
}
[2026-08-21 12:45:00Z INFO ActionManager] Action node.js file: dist/index.js, no more preparation.
[2026-08-21 12:45:00Z INFO HostContext] Well known directory 'Bin': 'D:\Remote-Learning---LUMER\Remote-Learning-LUMER\actions-runner\bin'
[2026-08-21 12:45:00Z INFO HostContext] Well known directory 'Root': 'D:\Remote-Learning---LUMER\Remote-Learning-LUMER\actions-runner'
[2026-08-21 12:45:00Z INFO HostContext] Well known directory 'Work': 'D:\Remote-Learning---LUMER\Remote-Learning-LUMER\actions-runner\_work'
[2026-08-21 12:45:00Z INFO HostContext] Well known directory 'Actions': 'D:\Remote-Learning---LUMER\Remote-Learning-LUMER\actions-runner\_work\_actions'
[2026-08-21 12:45:00Z INFO ActionManager] Load action that reference repository from 'D:\Remote-Learning---LUMER\Remote-Learning-LUMER\actions-runner\_work\_actions\actions\checkout\v4'
[2026-08-21 12:45:00Z INFO HostContext] Well known directory 'Bin': 'D:\Remote-Learning---LUMER\Remote-Learning-LUMER\actions-runner\bin'
[2026-08-21 12:45:00Z INFO HostContext] Well known directory 'Root': 'D:\Remote-Learning---LUMER\Remote-Learning-LUMER\actions-runner'
[2026-08-21 12:45:00Z INFO HostContext] Well known directory 'Work': 'D:\Remote-Learning---LUMER\Remote-Learning-LUMER\actions-runner\_work'
[2026-08-21 12:45:00Z INFO HostContext] Well known directory 'Actions': 'D:\Remote-Learning---LUMER\Remote-Learning-LUMER\actions-runner\_work\_actions'
[2026-08-21 12:45:00Z INFO ActionManifestManagerLegacy] Loaded action.yml file: {
  "name": "Checkout",
  "description": "Checkout a Git repository at a particular version",
  "inputs": {
    "type": 2,
    "map": [
      {
        "key": {
          "type": 0,
          "file": 2,
          "line": 4,
          "col": 3,
          "lit": "repository"
        },
        "value": {
          "type": 3,
          "file": 2,
          "line": 6,
          "col": 14,
          "expr": "github.repository"
        }
      },
      {
        "key": {
          "type": 0,
          "file": 2,
          "line": 7,
          "col": 3,
          "lit": "ref"
        },
        "value": ""
      },
      {
        "key": {
          "type": 0,
          "file": 2,
          "line": 12,
          "col": 3,
          "lit": "token"
        },
        "value": {
          "type": 3,
          "file": 2,
          "line": 24,
          "col": 14,
          "expr": "github.token"
        }
      },
      {
        "key": {
          "type": 0,
          "file": 2,
          "line": 25,
          "col": 3,
          "lit": "ssh-key"
        },
        "value": ""
      },
      {
        "key": {
          "type": 0,
          "file": 2,
          "line": 37,
          "col": 3,
          "lit": "ssh-known-hosts"
        },
        "value": ""
      },
      {
        "key": {
          "type": 0,
          "file": 2,
          "line": 42,
          "col": 3,
          "lit": "ssh-strict"
        },
        "value": {
          "type": 0,
          "file": 2,
          "line": 47,
          "col": 14,
          "lit": "true"
        }
      },
      {
        "key": {
          "type": 0,
          "file": 2,
          "line": 48,
          "col": 3,
          "lit": "ssh-user"
        },
        "value": {
          "type": 0,
          "file": 2,
          "line": 51,
          "col": 14,
          "lit": "git"
        }
      },
      {
        "key": {
          "type": 0,
          "file": 2,
          "line": 52,
          "col": 3,
          "lit": "persist-credentials"
        },
        "value": {
          "type": 0,
          "file": 2,
          "line": 54,
          "col": 14,
          "lit": "true"
        }
      },
      {
        "key": {
          "type": 0,
          "file": 2,
          "line": 55,
          "col": 3,
          "lit": "path"
        },
        "value": ""
      },
      {
        "key": {
          "type": 0,
          "file": 2,
          "line": 57,
          "col": 3,
          "lit": "clean"
        },
        "value": {
          "type": 0,
          "file": 2,
          "line": 59,
          "col": 14,
          "lit": "true"
        }
      },
      {
        "key": {
          "type": 0,
          "file": 2,
          "line": 60,
          "col": 3,
          "lit": "filter"
        },
        "value": {
          "type": 0,
          "file": 2,
          "line": 64,
          "col": 14,
          "lit": ""
        }
      },
      {
        "key": {
          "type": 0,
          "file": 2,
          "line": 65,
          "col": 3,
          "lit": "sparse-checkout"
        },
        "value": {
          "type": 0,
          "file": 2,
          "line": 69,
          "col": 14,
          "lit": ""
        }
      },
      {
        "key": {
          "type": 0,
          "file": 2,
          "line": 70,
          "col": 3,
          "lit": "sparse-checkout-cone-mode"
        },
        "value": {
          "type": 0,
          "file": 2,
          "line": 73,
          "col": 14,
          "lit": "true"
        }
      },
      {
        "key": {
          "type": 0,
          "file": 2,
          "line": 74,
          "col": 3,
          "lit": "fetch-depth"
        },
        "value": {
          "type": 0,
          "file": 2,
          "line": 76,
          "col": 14,
          "lit": "1"
        }
      },
      {
        "key": {
          "type": 0,
          "file": 2,
          "line": 77,
          "col": 3,
          "lit": "fetch-tags"
        },
        "value": {
          "type": 0,
          "file": 2,
          "line": 79,
          "col": 14,
          "lit": "false"
        }
      },
      {
        "key": {
          "type": 0,
          "file": 2,
          "line": 80,
          "col": 3,
          "lit": "show-progress"
        },
        "value": {
          "type": 0,
          "file": 2,
          "line": 82,
          "col": 14,
          "lit": "true"
        }
      },
      {
        "key": {
          "type": 0,
          "file": 2,
          "line": 83,
          "col": 3,
          "lit": "lfs"
        },
        "value": {
          "type": 0,
          "file": 2,
          "line": 85,
          "col": 14,
          "lit": "false"
        }
      },
      {
        "key": {
          "type": 0,
          "file": 2,
          "line": 86,
          "col": 3,
          "lit": "submodules"
        },
        "value": {
          "type": 0,
          "file": 2,
          "line": 94,
          "col": 14,
          "lit": "false"
        }
      },
      {
        "key": {
          "type": 0,
          "file": 2,
          "line": 95,
          "col": 3,
          "lit": "set-safe-directory"
        },
        "value": {
          "type": 0,
          "file": 2,
          "line": 97,
          "col": 14,
          "lit": "true"
        }
      },
      {
        "key": {
          "type": 0,
          "file": 2,
          "line": 98,
          "col": 3,
          "lit": "github-server-url"
        },
        "value": ""
      },
      {
        "key": {
          "type": 0,
          "file": 2,
          "line": 101,
          "col": 3,
          "lit": "allow-unsafe-pr-checkout"
        },
        "value": {
          "type": 0,
          "file": 2,
          "line": 109,
          "col": 14,
          "lit": "false"
        }
      }
    ]
  },
  "execution": {
    "executionType": "nodeJS",
    "hasPre": false,
    "hasPost": true,
    "script": "dist/index.js",
    "pre": null,
    "post": "dist/index.js",
    "nodeVersion": "node20",
    "cleanupCondition": "always()",
    "initCondition": "always()"
  },
  "deprecated": null
}
[2026-08-21 12:45:00Z INFO ActionManager] Action pre node.js file: N/A.
[2026-08-21 12:45:00Z INFO ActionManager] Action node.js file: dist/index.js.
[2026-08-21 12:45:00Z INFO ActionManager] Action post node.js file: dist/index.js.
[2026-08-21 12:45:00Z INFO JobExtension] Adding .
[2026-08-21 12:45:00Z INFO JobExtension] Adding .
[2026-08-21 12:45:00Z INFO JobExtension] Adding .
[2026-08-21 12:45:00Z INFO JobExtension] Adding .
[2026-08-21 12:45:00Z INFO JobExtension] Adding .
[2026-08-21 12:45:00Z INFO JobExtension] Adding .
[2026-08-21 12:45:00Z INFO JobExtension] Adding .
[2026-08-21 12:45:00Z INFO HostContext] Well known directory 'Bin': 'D:\Remote-Learning---LUMER\Remote-Learning-LUMER\actions-runner\bin'
[2026-08-21 12:45:00Z INFO HostContext] Well known directory 'Root': 'D:\Remote-Learning---LUMER\Remote-Learning-LUMER\actions-runner'
[2026-08-21 12:45:00Z INFO HostContext] Well known directory 'Diag': 'D:\Remote-Learning---LUMER\Remote-Learning-LUMER\actions-runner\_diag'
[2026-08-21 12:45:00Z INFO JobServerQueue] Try to append 1 batches web console lines for record 'e559b077-eeaf-46ad-8c34-e2edce15fa30', success rate: 1/1.
[2026-08-21 12:45:00Z INFO HostContext] Well known directory 'Bin': 'D:\Remote-Learning---LUMER\Remote-Learning-LUMER\actions-runner\bin'
[2026-08-21 12:45:00Z INFO HostContext] Well known directory 'Root': 'D:\Remote-Learning---LUMER\Remote-Learning-LUMER\actions-runner'
[2026-08-21 12:45:00Z INFO HostContext] Well known directory 'Diag': 'D:\Remote-Learning---LUMER\Remote-Learning-LUMER\actions-runner\_diag'
[2026-08-21 12:45:00Z INFO HostContext] Well known directory 'Bin': 'D:\Remote-Learning---LUMER\Remote-Learning-LUMER\actions-runner\bin'
[2026-08-21 12:45:00Z INFO HostContext] Well known directory 'Root': 'D:\Remote-Learning---LUMER\Remote-Learning-LUMER\actions-runner'
[2026-08-21 12:45:00Z INFO HostContext] Well known directory 'Diag': 'D:\Remote-Learning---LUMER\Remote-Learning-LUMER\actions-runner\_diag'
[2026-08-21 12:45:00Z INFO HostContext] Well known directory 'Bin': 'D:\Remote-Learning---LUMER\Remote-Learning-LUMER\actions-runner\bin'
[2026-08-21 12:45:00Z INFO HostContext] Well known directory 'Root': 'D:\Remote-Learning---LUMER\Remote-Learning-LUMER\actions-runner'
[2026-08-21 12:45:00Z INFO HostContext] Well known directory 'Diag': 'D:\Remote-Learning---LUMER\Remote-Learning-LUMER\actions-runner\_diag'
[2026-08-21 12:45:00Z INFO HostContext] Well known directory 'Bin': 'D:\Remote-Learning---LUMER\Remote-Learning-LUMER\actions-runner\bin'
[2026-08-21 12:45:00Z INFO HostContext] Well known directory 'Root': 'D:\Remote-Learning---LUMER\Remote-Learning-LUMER\actions-runner'
[2026-08-21 12:45:00Z INFO HostContext] Well known directory 'Diag': 'D:\Remote-Learning---LUMER\Remote-Learning-LUMER\actions-runner\_diag'
[2026-08-21 12:45:00Z INFO HostContext] Well known directory 'Bin': 'D:\Remote-Learning---LUMER\Remote-Learning-LUMER\actions-runner\bin'
[2026-08-21 12:45:00Z INFO HostContext] Well known directory 'Root': 'D:\Remote-Learning---LUMER\Remote-Learning-LUMER\actions-runner'
[2026-08-21 12:45:00Z INFO HostContext] Well known directory 'Diag': 'D:\Remote-Learning---LUMER\Remote-Learning-LUMER\actions-runner\_diag'
[2026-08-21 12:45:00Z INFO HostContext] Well known directory 'Bin': 'D:\Remote-Learning---LUMER\Remote-Learning-LUMER\actions-runner\bin'
[2026-08-21 12:45:00Z INFO HostContext] Well known directory 'Root': 'D:\Remote-Learning---LUMER\Remote-Learning-LUMER\actions-runner'
[2026-08-21 12:45:00Z INFO HostContext] Well known directory 'Diag': 'D:\Remote-Learning---LUMER\Remote-Learning-LUMER\actions-runner\_diag'
[2026-08-21 12:45:00Z INFO HostContext] Well known directory 'Bin': 'D:\Remote-Learning---LUMER\Remote-Learning-LUMER\actions-runner\bin'
[2026-08-21 12:45:00Z INFO HostContext] Well known directory 'Root': 'D:\Remote-Learning---LUMER\Remote-Learning-LUMER\actions-runner'
[2026-08-21 12:45:00Z INFO HostContext] Well known directory 'Diag': 'D:\Remote-Learning---LUMER\Remote-Learning-LUMER\actions-runner\_diag'
[2026-08-21 12:45:00Z INFO HostContext] Well known directory 'Bin': 'D:\Remote-Learning---LUMER\Remote-Learning-LUMER\actions-runner\bin'
[2026-08-21 12:45:00Z INFO HostContext] Well known directory 'Root': 'D:\Remote-Learning---LUMER\Remote-Learning-LUMER\actions-runner'
[2026-08-21 12:45:00Z INFO HostContext] Well known directory 'Diag': 'D:\Remote-Learning---LUMER\Remote-Learning-LUMER\actions-runner\_diag'
[2026-08-21 12:45:00Z INFO HostContext] Well known directory 'Bin': 'D:\Remote-Learning---LUMER\Remote-Learning-LUMER\actions-runner\bin'
[2026-08-21 12:45:00Z INFO HostContext] Well known directory 'Root': 'D:\Remote-Learning---LUMER\Remote-Learning-LUMER\actions-runner'
[2026-08-21 12:45:00Z INFO HostContext] Well known directory 'Diag': 'D:\Remote-Learning---LUMER\Remote-Learning-LUMER\actions-runner\_diag'
[2026-08-21 12:45:00Z INFO HostContext] Well known directory 'Bin': 'D:\Remote-Learning---LUMER\Remote-Learning-LUMER\actions-runner\bin'
[2026-08-21 12:45:00Z INFO HostContext] Well known directory 'Root': 'D:\Remote-Learning---LUMER\Remote-Learning-LUMER\actions-runner'
[2026-08-21 12:45:00Z INFO HostContext] Well known directory 'Diag': 'D:\Remote-Learning---LUMER\Remote-Learning-LUMER\actions-runner\_diag'
[2026-08-21 12:45:00Z INFO HostContext] Well known directory 'Bin': 'D:\Remote-Learning---LUMER\Remote-Learning-LUMER\actions-runner\bin'
[2026-08-21 12:45:00Z INFO HostContext] Well known directory 'Root': 'D:\Remote-Learning---LUMER\Remote-Learning-LUMER\actions-runner'
[2026-08-21 12:45:00Z INFO HostContext] Well known directory 'Diag': 'D:\Remote-Learning---LUMER\Remote-Learning-LUMER\actions-runner\_diag'
[2026-08-21 12:45:00Z INFO HostContext] Well known directory 'Bin': 'D:\Remote-Learning---LUMER\Remote-Learning-LUMER\actions-runner\bin'
[2026-08-21 12:45:00Z INFO HostContext] Well known directory 'Root': 'D:\Remote-Learning---LUMER\Remote-Learning-LUMER\actions-runner'
[2026-08-21 12:45:00Z INFO HostContext] Well known directory 'Diag': 'D:\Remote-Learning---LUMER\Remote-Learning-LUMER\actions-runner\_diag'
[2026-08-21 12:45:00Z INFO HostContext] Well known directory 'Bin': 'D:\Remote-Learning---LUMER\Remote-Learning-LUMER\actions-runner\bin'
[2026-08-21 12:45:00Z INFO HostContext] Well known directory 'Root': 'D:\Remote-Learning---LUMER\Remote-Learning-LUMER\actions-runner'
[2026-08-21 12:45:00Z INFO HostContext] Well known directory 'Diag': 'D:\Remote-Learning---LUMER\Remote-Learning-LUMER\actions-runner\_diag'
[2026-08-21 12:45:00Z INFO JobExtension] Total accessible running process: 365.
[2026-08-21 12:45:00Z INFO HostContext] Well known directory 'Bin': 'D:\Remote-Learning---LUMER\Remote-Learning-LUMER\actions-runner\bin'
[2026-08-21 12:45:00Z INFO HostContext] Well known directory 'Root': 'D:\Remote-Learning---LUMER\Remote-Learning-LUMER\actions-runner'
[2026-08-21 12:45:00Z INFO HostContext] Well known directory 'Work': 'D:\Remote-Learning---LUMER\Remote-Learning-LUMER\actions-runner\_work'
[2026-08-21 12:45:00Z INFO JobExtension] Start checking server connectivity.
[2026-08-21 12:45:00Z INFO JobExtension] Check server connectivity for https://broker.actions.githubusercontent.com/health.
[2026-08-21 12:45:00Z INFO JobExtension] Check server connectivity for https://token.actions.githubusercontent.com/ready.
[2026-08-21 12:45:00Z INFO JobExtension] Check server connectivity for https://run.actions.githubusercontent.com/health.
[2026-08-21 12:45:00Z INFO JobExtension] Start checking service connectivity in background.
[2026-08-21 12:45:00Z INFO ExecutionContext] Publish step telemetry for current step {
  "action": "setup_job",
  "type": "runner",
  "stage": "Pre",
  "stepId": "e559b077-eeaf-46ad-8c34-e2edce15fa30",
  "result": "succeeded",
  "errorMessages": [],
  "executionTimeInSeconds": 3,
  "startTime": "2026-08-21T12:44:58.2952048Z",
  "finishTime": "2026-08-21T12:45:00.5099503Z"
}.
[2026-08-21 12:45:00Z INFO JobRunner] Total job steps: 7.
[2026-08-21 12:45:00Z INFO JobRunner] Run all job steps.
[2026-08-21 12:45:00Z INFO DapDebugger] DapDebugger initialized
[2026-08-21 12:45:00Z INFO StepsRunner] Processing step: DisplayName='Checkout Code'
[2026-08-21 12:45:00Z INFO StepsRunner] Evaluating: success()
[2026-08-21 12:45:00Z INFO StepsRunner] Result: true
[2026-08-21 12:45:00Z INFO StepsRunner] Starting the step.
[2026-08-21 12:45:00Z INFO HostContext] Well known directory 'Bin': 'D:\Remote-Learning---LUMER\Remote-Learning-LUMER\actions-runner\bin'
[2026-08-21 12:45:00Z INFO HostContext] Well known directory 'Root': 'D:\Remote-Learning---LUMER\Remote-Learning-LUMER\actions-runner'
[2026-08-21 12:45:00Z INFO HostContext] Well known directory 'Work': 'D:\Remote-Learning---LUMER\Remote-Learning-LUMER\actions-runner\_work'
[2026-08-21 12:45:00Z INFO StepsRunner] Which2: 'chcp'
[2026-08-21 12:45:00Z INFO StepsRunner] Location: 'C:\Windows\system32\chcp.COM'
[2026-08-21 12:45:00Z INFO ProcessInvokerWrapper] Starting process:
[2026-08-21 12:45:00Z INFO ProcessInvokerWrapper]   File name: 'C:\Windows\system32\chcp.COM'
[2026-08-21 12:45:00Z INFO ProcessInvokerWrapper]   Arguments: '65001'
[2026-08-21 12:45:00Z INFO ProcessInvokerWrapper]   Working directory: 'D:\Remote-Learning---LUMER\Remote-Learning-LUMER\actions-runner\_work'
[2026-08-21 12:45:00Z INFO ProcessInvokerWrapper]   Require exit code zero: 'False'
[2026-08-21 12:45:00Z INFO ProcessInvokerWrapper]   Encoding web name:  ; code page: ''
[2026-08-21 12:45:00Z INFO ProcessInvokerWrapper]   Force kill process on cancellation: 'False'
[2026-08-21 12:45:00Z INFO ProcessInvokerWrapper]   Redirected STDIN: 'False'
[2026-08-21 12:45:00Z INFO ProcessInvokerWrapper]   Persist current code page: 'True'
[2026-08-21 12:45:00Z INFO ProcessInvokerWrapper]   Keep redirected STDIN open: 'False'
[2026-08-21 12:45:00Z INFO ProcessInvokerWrapper]   High priority process: 'False'
[2026-08-21 12:45:00Z INFO ProcessInvokerWrapper] Process started with process id 22456, waiting for process exit.
[2026-08-21 12:45:00Z INFO ProcessInvokerWrapper] STDOUT/STDERR stream read finished.
[2026-08-21 12:45:00Z INFO ProcessInvokerWrapper] STDOUT/STDERR stream read finished.
[2026-08-21 12:45:00Z INFO ProcessInvokerWrapper] Finished process 22456 with exit code 0, and elapsed time 00:00:00.0272411.
[2026-08-21 12:45:00Z INFO StepsRunner] Successfully returned to code page 65001 (UTF8)
[2026-08-21 12:45:00Z INFO HostContext] Well known directory 'Bin': 'D:\Remote-Learning---LUMER\Remote-Learning-LUMER\actions-runner\bin'
[2026-08-21 12:45:00Z INFO HostContext] Well known directory 'Root': 'D:\Remote-Learning---LUMER\Remote-Learning-LUMER\actions-runner'
[2026-08-21 12:45:00Z INFO HostContext] Well known directory 'Work': 'D:\Remote-Learning---LUMER\Remote-Learning-LUMER\actions-runner\_work'
[2026-08-21 12:45:00Z INFO HostContext] Well known directory 'Actions': 'D:\Remote-Learning---LUMER\Remote-Learning-LUMER\actions-runner\_work\_actions'
[2026-08-21 12:45:00Z INFO ActionManager] Load action that reference repository from 'D:\Remote-Learning---LUMER\Remote-Learning-LUMER\actions-runner\_work\_actions\actions\checkout\v4'
[2026-08-21 12:45:00Z INFO HostContext] Well known directory 'Bin': 'D:\Remote-Learning---LUMER\Remote-Learning-LUMER\actions-runner\bin'
[2026-08-21 12:45:00Z INFO HostContext] Well known directory 'Root': 'D:\Remote-Learning---LUMER\Remote-Learning-LUMER\actions-runner'
[2026-08-21 12:45:00Z INFO HostContext] Well known directory 'Work': 'D:\Remote-Learning---LUMER\Remote-Learning-LUMER\actions-runner\_work'
[2026-08-21 12:45:00Z INFO HostContext] Well known directory 'Actions': 'D:\Remote-Learning---LUMER\Remote-Learning-LUMER\actions-runner\_work\_actions'
[2026-08-21 12:45:00Z INFO ActionManifestManagerLegacy] Loaded action.yml file: {
  "name": "Checkout",
  "description": "Checkout a Git repository at a particular version",
  "inputs": {
    "type": 2,
    "map": [
      {
        "key": {
          "type": 0,
          "file": 2,
          "line": 4,
          "col": 3,
          "lit": "repository"
        },
        "value": {
          "type": 3,
          "file": 2,
          "line": 6,
          "col": 14,
          "expr": "github.repository"
        }
      },
      {
        "key": {
          "type": 0,
          "file": 2,
          "line": 7,
          "col": 3,
          "lit": "ref"
        },
        "value": ""
      },
      {
        "key": {
          "type": 0,
          "file": 2,
          "line": 12,
          "col": 3,
          "lit": "token"
        },
        "value": {
          "type": 3,
          "file": 2,
          "line": 24,
          "col": 14,
          "expr": "github.token"
        }
      },
      {
        "key": {
          "type": 0,
          "file": 2,
          "line": 25,
          "col": 3,
          "lit": "ssh-key"
        },
        "value": ""
      },
      {
        "key": {
          "type": 0,
          "file": 2,
          "line": 37,
          "col": 3,
          "lit": "ssh-known-hosts"
        },
        "value": ""
      },
      {
        "key": {
          "type": 0,
          "file": 2,
          "line": 42,
          "col": 3,
          "lit": "ssh-strict"
        },
        "value": {
          "type": 0,
          "file": 2,
          "line": 47,
          "col": 14,
          "lit": "true"
        }
      },
      {
        "key": {
          "type": 0,
          "file": 2,
          "line": 48,
          "col": 3,
          "lit": "ssh-user"
        },
        "value": {
          "type": 0,
          "file": 2,
          "line": 51,
          "col": 14,
          "lit": "git"
        }
      },
      {
        "key": {
          "type": 0,
          "file": 2,
          "line": 52,
          "col": 3,
          "lit": "persist-credentials"
        },
        "value": {
          "type": 0,
          "file": 2,
          "line": 54,
          "col": 14,
          "lit": "true"
        }
      },
      {
        "key": {
          "type": 0,
          "file": 2,
          "line": 55,
          "col": 3,
          "lit": "path"
        },
        "value": ""
      },
      {
        "key": {
          "type": 0,
          "file": 2,
          "line": 57,
          "col": 3,
          "lit": "clean"
        },
        "value": {
          "type": 0,
          "file": 2,
          "line": 59,
          "col": 14,
          "lit": "true"
        }
      },
      {
        "key": {
          "type": 0,
          "file": 2,
          "line": 60,
          "col": 3,
          "lit": "filter"
        },
        "value": {
          "type": 0,
          "file": 2,
          "line": 64,
          "col": 14,
          "lit": ""
        }
      },
      {
        "key": {
          "type": 0,
          "file": 2,
          "line": 65,
          "col": 3,
          "lit": "sparse-checkout"
        },
        "value": {
          "type": 0,
          "file": 2,
          "line": 69,
          "col": 14,
          "lit": ""
        }
      },
      {
        "key": {
          "type": 0,
          "file": 2,
          "line": 70,
          "col": 3,
          "lit": "sparse-checkout-cone-mode"
        },
        "value": {
          "type": 0,
          "file": 2,
          "line": 73,
          "col": 14,
          "lit": "true"
        }
      },
      {
        "key": {
          "type": 0,
          "file": 2,
          "line": 74,
          "col": 3,
          "lit": "fetch-depth"
        },
        "value": {
          "type": 0,
          "file": 2,
          "line": 76,
          "col": 14,
          "lit": "1"
        }
      },
      {
        "key": {
          "type": 0,
          "file": 2,
          "line": 77,
          "col": 3,
          "lit": "fetch-tags"
        },
        "value": {
          "type": 0,
          "file": 2,
          "line": 79,
          "col": 14,
          "lit": "false"
        }
      },
      {
        "key": {
          "type": 0,
          "file": 2,
          "line": 80,
          "col": 3,
          "lit": "show-progress"
        },
        "value": {
          "type": 0,
          "file": 2,
          "line": 82,
          "col": 14,
          "lit": "true"
        }
      },
      {
        "key": {
          "type": 0,
          "file": 2,
          "line": 83,
          "col": 3,
          "lit": "lfs"
        },
        "value": {
          "type": 0,
          "file": 2,
          "line": 85,
          "col": 14,
          "lit": "false"
        }
      },
      {
        "key": {
          "type": 0,
          "file": 2,
          "line": 86,
          "col": 3,
          "lit": "submodules"
        },
        "value": {
          "type": 0,
          "file": 2,
          "line": 94,
          "col": 14,
          "lit": "false"
        }
      },
      {
        "key": {
          "type": 0,
          "file": 2,
          "line": 95,
          "col": 3,
          "lit": "set-safe-directory"
        },
        "value": {
          "type": 0,
          "file": 2,
          "line": 97,
          "col": 14,
          "lit": "true"
        }
      },
      {
        "key": {
          "type": 0,
          "file": 2,
          "line": 98,
          "col": 3,
          "lit": "github-server-url"
        },
        "value": ""
      },
      {
        "key": {
          "type": 0,
          "file": 2,
          "line": 101,
          "col": 3,
          "lit": "allow-unsafe-pr-checkout"
        },
        "value": {
          "type": 0,
          "file": 2,
          "line": 109,
          "col": 14,
          "lit": "false"
        }
      }
    ]
  },
  "execution": {
    "executionType": "nodeJS",
    "hasPre": false,
    "hasPost": true,
    "script": "dist/index.js",
    "pre": null,
    "post": "dist/index.js",
    "nodeVersion": "node20",
    "cleanupCondition": "always()",
    "initCondition": "always()"
  },
  "deprecated": null
}
[2026-08-21 12:45:00Z INFO ActionManager] Action pre node.js file: N/A.
[2026-08-21 12:45:00Z INFO ActionManager] Action node.js file: dist/index.js.
[2026-08-21 12:45:00Z INFO ActionManager] Action post node.js file: dist/index.js.
[2026-08-21 12:45:00Z INFO ExecutionContext] Reserve record order 9 to 16 for post job actions.
[2026-08-21 12:45:00Z INFO HostContext] Well known directory 'Bin': 'D:\Remote-Learning---LUMER\Remote-Learning-LUMER\actions-runner\bin'
[2026-08-21 12:45:00Z INFO HostContext] Well known directory 'Root': 'D:\Remote-Learning---LUMER\Remote-Learning-LUMER\actions-runner'
[2026-08-21 12:45:00Z INFO HostContext] Well known directory 'Diag': 'D:\Remote-Learning---LUMER\Remote-Learning-LUMER\actions-runner\_diag'
[2026-08-21 12:45:00Z INFO HostContext] Well known directory 'Bin': 'D:\Remote-Learning---LUMER\Remote-Learning-LUMER\actions-runner\bin'
[2026-08-21 12:45:00Z INFO HostContext] Well known directory 'Root': 'D:\Remote-Learning---LUMER\Remote-Learning-LUMER\actions-runner'
[2026-08-21 12:45:00Z INFO HostContext] Well known directory 'Diag': 'D:\Remote-Learning---LUMER\Remote-Learning-LUMER\actions-runner\_diag'
[2026-08-21 12:45:00Z INFO HostContext] Well known directory 'Bin': 'D:\Remote-Learning---LUMER\Remote-Learning-LUMER\actions-runner\bin'
[2026-08-21 12:45:00Z INFO HostContext] Well known directory 'Root': 'D:\Remote-Learning---LUMER\Remote-Learning-LUMER\actions-runner'
[2026-08-21 12:45:00Z INFO HostContext] Well known directory 'Work': 'D:\Remote-Learning---LUMER\Remote-Learning-LUMER\actions-runner\_work'
[2026-08-21 12:45:00Z INFO HostContext] Well known directory 'Temp': 'D:\Remote-Learning---LUMER\Remote-Learning-LUMER\actions-runner\_work\_temp'
[2026-08-21 12:45:00Z INFO ExecutionContext] Write event payload to D:\Remote-Learning---LUMER\Remote-Learning-LUMER\actions-runner\_work\_temp\_github_workflow\event.json
[2026-08-21 12:45:00Z INFO HostContext] Well known directory 'Bin': 'D:\Remote-Learning---LUMER\Remote-Learning-LUMER\actions-runner\bin'
[2026-08-21 12:45:00Z INFO HostContext] Well known directory 'Root': 'D:\Remote-Learning---LUMER\Remote-Learning-LUMER\actions-runner'
[2026-08-21 12:45:00Z INFO HostContext] Well known directory 'Work': 'D:\Remote-Learning---LUMER\Remote-Learning-LUMER\actions-runner\_work'
[2026-08-21 12:45:00Z INFO HostContext] Well known directory 'Temp': 'D:\Remote-Learning---LUMER\Remote-Learning-LUMER\actions-runner\_work\_temp'
[2026-08-21 12:45:00Z INFO ExtensionManager] Getting extensions for interface: 'GitHub.Runner.Worker.IFileCommandExtension'
[2026-08-21 12:45:00Z INFO ExtensionManager] Creating instance: GitHub.Runner.Worker.AddPathFileCommand, Runner.Worker
[2026-08-21 12:45:00Z INFO ExtensionManager] Creating instance: GitHub.Runner.Worker.SetEnvFileCommand, Runner.Worker
[2026-08-21 12:45:00Z INFO ExtensionManager] Creating instance: GitHub.Runner.Worker.CreateStepSummaryCommand, Runner.Worker
[2026-08-21 12:45:00Z INFO ExtensionManager] Creating instance: GitHub.Runner.Worker.SaveStateFileCommand, Runner.Worker
[2026-08-21 12:45:00Z INFO ExtensionManager] Creating instance: GitHub.Runner.Worker.SetOutputFileCommand, Runner.Worker
[2026-08-21 12:45:00Z INFO ExtensionManager] Creating instance: GitHub.Runner.Worker.CreateArtifactsFileCommand, Runner.Worker
[2026-08-21 12:45:00Z INFO ExtensionManager] Creating instance: GitHub.Runner.Worker.ArtifactsListFileCommand, Runner.Worker
[2026-08-21 12:45:00Z INFO ActionManifestManagerLegacy] Input 'repository': default value evaluate result: {
  "type": 0,
  "file": 2,
  "line": 6,
  "col": 14,
  "lit": "Hieu1266/TestK8s"
}
[2026-08-21 12:45:00Z INFO ActionManifestManagerLegacy] Input 'ref': default value evaluate result: ""
[2026-08-21 12:45:00Z INFO ActionManifestManagerLegacy] Input 'token': default value evaluate result: {
  "type": 0,
  "file": 2,
  "line": 24,
  "col": 14,
  "lit": "***"
}
[2026-08-21 12:45:00Z INFO ActionManifestManagerLegacy] Input 'ssh-key': default value evaluate result: ""
[2026-08-21 12:45:00Z INFO ActionManifestManagerLegacy] Input 'ssh-known-hosts': default value evaluate result: ""
[2026-08-21 12:45:00Z INFO ActionManifestManagerLegacy] Input 'ssh-strict': default value evaluate result: {
  "type": 0,
  "file": 2,
  "line": 47,
  "col": 14,
  "lit": "true"
}
[2026-08-21 12:45:00Z INFO ActionManifestManagerLegacy] Input 'ssh-user': default value evaluate result: {
  "type": 0,
  "file": 2,
  "line": 51,
  "col": 14,
  "lit": "git"
}
[2026-08-21 12:45:00Z INFO ActionManifestManagerLegacy] Input 'persist-credentials': default value evaluate result: {
  "type": 0,
  "file": 2,
  "line": 54,
  "col": 14,
  "lit": "true"
}
[2026-08-21 12:45:00Z INFO ActionManifestManagerLegacy] Input 'path': default value evaluate result: ""
[2026-08-21 12:45:00Z INFO ActionManifestManagerLegacy] Input 'clean': default value evaluate result: {
  "type": 0,
  "file": 2,
  "line": 59,
  "col": 14,
  "lit": "true"
}
[2026-08-21 12:45:00Z INFO ActionManifestManagerLegacy] Input 'filter': default value evaluate result: {
  "type": 0,
  "file": 2,
  "line": 64,
  "col": 14,
  "lit": ""
}
[2026-08-21 12:45:00Z INFO ActionManifestManagerLegacy] Input 'sparse-checkout': default value evaluate result: {
  "type": 0,
  "file": 2,
  "line": 69,
  "col": 14,
  "lit": ""
}
[2026-08-21 12:45:00Z INFO ActionManifestManagerLegacy] Input 'sparse-checkout-cone-mode': default value evaluate result: {
  "type": 0,
  "file": 2,
  "line": 73,
  "col": 14,
  "lit": "true"
}
[2026-08-21 12:45:00Z INFO ActionManifestManagerLegacy] Input 'fetch-depth': default value evaluate result: {
  "type": 0,
  "file": 2,
  "line": 76,
  "col": 14,
  "lit": "1"
}
[2026-08-21 12:45:00Z INFO ActionManifestManagerLegacy] Input 'fetch-tags': default value evaluate result: {
  "type": 0,
  "file": 2,
  "line": 79,
  "col": 14,
  "lit": "false"
}
[2026-08-21 12:45:00Z INFO ActionManifestManagerLegacy] Input 'show-progress': default value evaluate result: {
  "type": 0,
  "file": 2,
  "line": 82,
  "col": 14,
  "lit": "true"
}
[2026-08-21 12:45:00Z INFO ActionManifestManagerLegacy] Input 'lfs': default value evaluate result: {
  "type": 0,
  "file": 2,
  "line": 85,
  "col": 14,
  "lit": "false"
}
[2026-08-21 12:45:00Z INFO ActionManifestManagerLegacy] Input 'submodules': default value evaluate result: {
  "type": 0,
  "file": 2,
  "line": 94,
  "col": 14,
  "lit": "false"
}
[2026-08-21 12:45:00Z INFO ActionManifestManagerLegacy] Input 'set-safe-directory': default value evaluate result: {
  "type": 0,
  "file": 2,
  "line": 97,
  "col": 14,
  "lit": "true"
}
[2026-08-21 12:45:00Z INFO ActionManifestManagerLegacy] Input 'github-server-url': default value evaluate result: ""
[2026-08-21 12:45:00Z INFO ActionManifestManagerLegacy] Input 'allow-unsafe-pr-checkout': default value evaluate result: {
  "type": 0,
  "file": 2,
  "line": 109,
  "col": 14,
  "lit": "false"
}
[2026-08-21 12:45:00Z INFO ExtensionManager] Getting extensions for interface: 'GitHub.Runner.Worker.IActionCommandExtension'
[2026-08-21 12:45:00Z INFO ExtensionManager] Creating instance: GitHub.Runner.Worker.InternalPluginSetRepoPathCommandExtension, Runner.Worker
[2026-08-21 12:45:00Z INFO ExtensionManager] Creating instance: GitHub.Runner.Worker.SetEnvCommandExtension, Runner.Worker
[2026-08-21 12:45:00Z INFO ExtensionManager] Creating instance: GitHub.Runner.Worker.SetOutputCommandExtension, Runner.Worker
[2026-08-21 12:45:00Z INFO ExtensionManager] Creating instance: GitHub.Runner.Worker.SaveStateCommandExtension, Runner.Worker
[2026-08-21 12:45:00Z INFO ExtensionManager] Creating instance: GitHub.Runner.Worker.AddPathCommandExtension, Runner.Worker
[2026-08-21 12:45:00Z INFO ExtensionManager] Creating instance: GitHub.Runner.Worker.AddMaskCommandExtension, Runner.Worker
[2026-08-21 12:45:00Z INFO ExtensionManager] Creating instance: GitHub.Runner.Worker.AddMatcherCommandExtension, Runner.Worker
[2026-08-21 12:45:00Z INFO ExtensionManager] Creating instance: GitHub.Runner.Worker.RemoveMatcherCommandExtension, Runner.Worker
[2026-08-21 12:45:00Z INFO ExtensionManager] Creating instance: GitHub.Runner.Worker.WarningCommandExtension, Runner.Worker
[2026-08-21 12:45:00Z INFO ExtensionManager] Creating instance: GitHub.Runner.Worker.ErrorCommandExtension, Runner.Worker
[2026-08-21 12:45:00Z INFO ExtensionManager] Creating instance: GitHub.Runner.Worker.NoticeCommandExtension, Runner.Worker
[2026-08-21 12:45:00Z INFO ExtensionManager] Creating instance: GitHub.Runner.Worker.DebugCommandExtension, Runner.Worker
[2026-08-21 12:45:00Z INFO ExtensionManager] Creating instance: GitHub.Runner.Worker.GroupCommandExtension, Runner.Worker
[2026-08-21 12:45:00Z INFO ExtensionManager] Creating instance: GitHub.Runner.Worker.EndGroupCommandExtension, Runner.Worker
[2026-08-21 12:45:00Z INFO ExtensionManager] Creating instance: GitHub.Runner.Worker.EchoCommandExtension, Runner.Worker
[2026-08-21 12:45:00Z INFO ActionCommandManager] Register action command extension for command internal-set-repo-path
[2026-08-21 12:45:00Z INFO ActionCommandManager] Register action command extension for command set-env
[2026-08-21 12:45:00Z INFO ActionCommandManager] Register action command extension for command set-output
[2026-08-21 12:45:00Z INFO ActionCommandManager] Register action command extension for command save-state
[2026-08-21 12:45:00Z INFO ActionCommandManager] Register action command extension for command add-path
[2026-08-21 12:45:00Z INFO ActionCommandManager] Register action command extension for command add-mask
[2026-08-21 12:45:00Z INFO ActionCommandManager] Register action command extension for command add-matcher
[2026-08-21 12:45:00Z INFO ActionCommandManager] Register action command extension for command remove-matcher
[2026-08-21 12:45:00Z INFO ActionCommandManager] Register action command extension for command warning
[2026-08-21 12:45:00Z INFO ActionCommandManager] Register action command extension for command error
[2026-08-21 12:45:00Z INFO ActionCommandManager] Register action command extension for command notice
[2026-08-21 12:45:00Z INFO ActionCommandManager] Register action command extension for command debug
[2026-08-21 12:45:00Z INFO ActionCommandManager] Register action command extension for command group
[2026-08-21 12:45:00Z INFO ActionCommandManager] Register action command extension for command endgroup
[2026-08-21 12:45:00Z INFO ActionCommandManager] Register action command extension for command echo
[2026-08-21 12:45:00Z INFO HostContext] Well known directory 'Bin': 'D:\Remote-Learning---LUMER\Remote-Learning-LUMER\actions-runner\bin'
[2026-08-21 12:45:00Z INFO HostContext] Well known directory 'Root': 'D:\Remote-Learning---LUMER\Remote-Learning-LUMER\actions-runner'
[2026-08-21 12:45:00Z INFO HostContext] Well known directory 'Externals': 'D:\Remote-Learning---LUMER\Remote-Learning-LUMER\actions-runner\externals'
[2026-08-21 12:45:00Z INFO ProcessInvokerWrapper] Starting process:
[2026-08-21 12:45:00Z INFO ProcessInvokerWrapper]   File name: 'D:\Remote-Learning---LUMER\Remote-Learning-LUMER\actions-runner\externals\node24\bin\node.exe'
[2026-08-21 12:45:00Z INFO ProcessInvokerWrapper]   Arguments: '"D:\Remote-Learning---LUMER\Remote-Learning-LUMER\actions-runner\_work\_actions\actions\checkout\v4\dist/index.js"'
[2026-08-21 12:45:00Z INFO ProcessInvokerWrapper]   Working directory: 'D:\Remote-Learning---LUMER\Remote-Learning-LUMER\actions-runner\_work\TestK8s\TestK8s'
[2026-08-21 12:45:00Z INFO ProcessInvokerWrapper]   Require exit code zero: 'False'
[2026-08-21 12:45:00Z INFO ProcessInvokerWrapper]   Encoding web name: utf-8 ; code page: '65001'
[2026-08-21 12:45:00Z INFO ProcessInvokerWrapper]   Force kill process on cancellation: 'False'
[2026-08-21 12:45:00Z INFO ProcessInvokerWrapper]   Redirected STDIN: 'False'
[2026-08-21 12:45:00Z INFO ProcessInvokerWrapper]   Persist current code page: 'True'
[2026-08-21 12:45:00Z INFO ProcessInvokerWrapper]   Keep redirected STDIN open: 'False'
[2026-08-21 12:45:00Z INFO ProcessInvokerWrapper]   High priority process: 'False'
[2026-08-21 12:45:00Z INFO JobServerQueue] Try to append 1 batches web console lines for record '06a9b3a3-a350-4def-855a-ef9360b7f787', success rate: 1/1.
[2026-08-21 12:45:01Z INFO JobServerQueue] Got a step log file to send to results service.
[2026-08-21 12:45:01Z INFO JobServerQueue] Starting upload of step log file to results service ResultsLog, D:\Remote-Learning---LUMER\Remote-Learning-LUMER\actions-runner\_diag\blocks\f9f8b513-01ba-4479-94d4-dbd64730652a_e559b077-eeaf-46ad-8c34-e2edce15fa30.1
[2026-08-21 12:45:01Z INFO JobServerQueue] Try to upload 1 log files or attachments, success rate: 1/1.
[2026-08-21 12:45:02Z INFO ProcessInvokerWrapper] Process started with process id 21712, waiting for process exit.
[2026-08-21 12:45:02Z INFO JobServerQueue] Tried to upload 1 file(s) to results, success rate: 1/1.
[2026-08-21 12:45:03Z INFO AddMaskCommandExtension] Add new secret mask with length of 524
[2026-08-21 12:45:03Z INFO JobServerQueue] Try to append 1 batches web console lines for record '06a9b3a3-a350-4def-855a-ef9360b7f787', success rate: 1/1.
[2026-08-21 12:45:03Z INFO JobServerQueue] Try to append 1 batches web console lines for record '06a9b3a3-a350-4def-855a-ef9360b7f787', success rate: 1/1.
[2026-08-21 12:45:04Z INFO JobServerQueue] Try to append 1 batches web console lines for record '06a9b3a3-a350-4def-855a-ef9360b7f787', success rate: 1/1.
[2026-08-21 12:45:04Z INFO JobServerQueue] Try to append 1 batches web console lines for record '06a9b3a3-a350-4def-855a-ef9360b7f787', success rate: 1/1.
[2026-08-21 12:45:06Z INFO JobServerQueue] Try to append 1 batches web console lines for record '06a9b3a3-a350-4def-855a-ef9360b7f787', success rate: 1/1.
[2026-08-21 12:45:06Z INFO JobServerQueue] Try to append 1 batches web console lines for record '06a9b3a3-a350-4def-855a-ef9360b7f787', success rate: 1/1.
[2026-08-21 12:45:06Z INFO JobServerQueue] Try to append 1 batches web console lines for record '06a9b3a3-a350-4def-855a-ef9360b7f787', success rate: 1/1.
[2026-08-21 12:45:07Z INFO JobServerQueue] Try to append 1 batches web console lines for record '06a9b3a3-a350-4def-855a-ef9360b7f787', success rate: 1/1.
[2026-08-21 12:45:09Z INFO JobServerQueue] Try to append 1 batches web console lines for record '06a9b3a3-a350-4def-855a-ef9360b7f787', success rate: 1/1.
[2026-08-21 12:45:10Z INFO HostContext] Well known directory 'Bin': 'D:\Remote-Learning---LUMER\Remote-Learning-LUMER\actions-runner\bin'
[2026-08-21 12:45:10Z INFO HostContext] Well known directory 'Root': 'D:\Remote-Learning---LUMER\Remote-Learning-LUMER\actions-runner'
[2026-08-21 12:45:10Z INFO HostContext] Well known directory 'Work': 'D:\Remote-Learning---LUMER\Remote-Learning-LUMER\actions-runner\_work'
[2026-08-21 12:45:10Z INFO JobServerQueue] Try to append 1 batches web console lines for record '06a9b3a3-a350-4def-855a-ef9360b7f787', success rate: 1/1.
[2026-08-21 12:45:20Z INFO HostContext] Well known directory 'Bin': 'D:\Remote-Learning---LUMER\Remote-Learning-LUMER\actions-runner\bin'
[2026-08-21 12:45:20Z INFO HostContext] Well known directory 'Root': 'D:\Remote-Learning---LUMER\Remote-Learning-LUMER\actions-runner'
[2026-08-21 12:45:20Z INFO HostContext] Well known directory 'Work': 'D:\Remote-Learning---LUMER\Remote-Learning-LUMER\actions-runner\_work'
[2026-08-21 12:45:22Z INFO JobServerQueue] Try to append 1 batches web console lines for record '06a9b3a3-a350-4def-855a-ef9360b7f787', success rate: 1/1.
[2026-08-21 12:45:24Z INFO JobServerQueue] Try to append 1 batches web console lines for record '06a9b3a3-a350-4def-855a-ef9360b7f787', success rate: 1/1.
[2026-08-21 12:45:24Z INFO JobServerQueue] Try to append 1 batches web console lines for record '06a9b3a3-a350-4def-855a-ef9360b7f787', success rate: 1/1.
[2026-08-21 12:45:24Z INFO JobServerQueue] Try to append 1 batches web console lines for record '06a9b3a3-a350-4def-855a-ef9360b7f787', success rate: 1/1.
[2026-08-21 12:45:25Z INFO JobServerQueue] Try to append 1 batches web console lines for record '06a9b3a3-a350-4def-855a-ef9360b7f787', success rate: 1/1.
[2026-08-21 12:45:25Z INFO JobServerQueue] Try to append 1 batches web console lines for record '06a9b3a3-a350-4def-855a-ef9360b7f787', success rate: 1/1.
[2026-08-21 12:45:25Z INFO JobServerQueue] Try to append 1 batches web console lines for record '06a9b3a3-a350-4def-855a-ef9360b7f787', success rate: 1/1.
[2026-08-21 12:45:26Z INFO ProcessInvokerWrapper] STDOUT/STDERR stream read finished.
[2026-08-21 12:45:26Z INFO ProcessInvokerWrapper] STDOUT/STDERR stream read finished.
[2026-08-21 12:45:26Z INFO JobServerQueue] Try to append 1 batches web console lines for record '06a9b3a3-a350-4def-855a-ef9360b7f787', success rate: 1/1.
[2026-08-21 12:45:26Z INFO ProcessInvokerWrapper] Finished process 21712 with exit code 0, and elapsed time 00:00:25.6053158.
[2026-08-21 12:45:26Z INFO CreateStepSummaryCommand] Step Summary file (D:\Remote-Learning---LUMER\Remote-Learning-LUMER\actions-runner\_work\_temp\_runner_file_commands\step_summary_7372033f-abe3-4020-b5c2-fc4071b1bd2a) is empty; skipping attachment upload
[2026-08-21 12:45:26Z INFO StepsRunner] Step result: 
[2026-08-21 12:45:26Z INFO ExecutionContext] Publish step telemetry for current step {
  "action": "actions/checkout",
  "ref": "v4",
  "type": "node24",
  "stage": "Main",
  "stepId": "06a9b3a3-a350-4def-855a-ef9360b7f787",
  "stepContextName": "__actions_checkout",
  "hasPreStep": false,
  "hasPostStep": true,
  "result": "succeeded",
  "errorMessages": [
    "no submodule mapping found in .gitmodules for path 'actions-runner/_work/TestK8s/TestK8s'",
    "Unable to clean or reset the repository. The repository will be recreated instead."
  ],
  "executionTimeInSeconds": 26,
  "startTime": "2026-08-21T12:45:00.5416658Z",
  "finishTime": "2026-08-21T12:45:26.2704963Z"
}.
[2026-08-21 12:45:26Z INFO StepsRunner] No need for updating job result with current step result 'Succeeded'.
[2026-08-21 12:45:26Z INFO StepsRunner] Current state: job state = ''
[2026-08-21 12:45:26Z INFO StepsRunner] Processing step: DisplayName='Check Kubernetes'
[2026-08-21 12:45:26Z INFO StepsRunner] Evaluating: success()
[2026-08-21 12:45:26Z INFO StepsRunner] Result: true
[2026-08-21 12:45:26Z INFO StepsRunner] Starting the step.
[2026-08-21 12:45:26Z INFO HostContext] Well known directory 'Bin': 'D:\Remote-Learning---LUMER\Remote-Learning-LUMER\actions-runner\bin'
[2026-08-21 12:45:26Z INFO HostContext] Well known directory 'Root': 'D:\Remote-Learning---LUMER\Remote-Learning-LUMER\actions-runner'
[2026-08-21 12:45:26Z INFO HostContext] Well known directory 'Work': 'D:\Remote-Learning---LUMER\Remote-Learning-LUMER\actions-runner\_work'
[2026-08-21 12:45:26Z INFO StepsRunner] Which2: 'chcp'
[2026-08-21 12:45:26Z INFO StepsRunner] Location: 'C:\Windows\system32\chcp.COM'
[2026-08-21 12:45:26Z INFO ProcessInvokerWrapper] Starting process:
[2026-08-21 12:45:26Z INFO ProcessInvokerWrapper]   File name: 'C:\Windows\system32\chcp.COM'
[2026-08-21 12:45:26Z INFO ProcessInvokerWrapper]   Arguments: '65001'
[2026-08-21 12:45:26Z INFO ProcessInvokerWrapper]   Working directory: 'D:\Remote-Learning---LUMER\Remote-Learning-LUMER\actions-runner\_work'
[2026-08-21 12:45:26Z INFO ProcessInvokerWrapper]   Require exit code zero: 'False'
[2026-08-21 12:45:26Z INFO ProcessInvokerWrapper]   Encoding web name:  ; code page: ''
[2026-08-21 12:45:26Z INFO ProcessInvokerWrapper]   Force kill process on cancellation: 'False'
[2026-08-21 12:45:26Z INFO ProcessInvokerWrapper]   Redirected STDIN: 'False'
[2026-08-21 12:45:26Z INFO ProcessInvokerWrapper]   Persist current code page: 'True'
[2026-08-21 12:45:26Z INFO ProcessInvokerWrapper]   Keep redirected STDIN open: 'False'
[2026-08-21 12:45:26Z INFO ProcessInvokerWrapper]   High priority process: 'False'
[2026-08-21 12:45:26Z INFO ProcessInvokerWrapper] Process started with process id 28252, waiting for process exit.
[2026-08-21 12:45:26Z INFO ProcessInvokerWrapper] STDOUT/STDERR stream read finished.
[2026-08-21 12:45:26Z INFO ProcessInvokerWrapper] STDOUT/STDERR stream read finished.
[2026-08-21 12:45:26Z INFO ProcessInvokerWrapper] Finished process 28252 with exit code 0, and elapsed time 00:00:00.0331299.
[2026-08-21 12:45:26Z INFO StepsRunner] Successfully returned to code page 65001 (UTF8)
[2026-08-21 12:45:26Z INFO HostContext] Well known directory 'Bin': 'D:\Remote-Learning---LUMER\Remote-Learning-LUMER\actions-runner\bin'
[2026-08-21 12:45:26Z INFO HostContext] Well known directory 'Root': 'D:\Remote-Learning---LUMER\Remote-Learning-LUMER\actions-runner'
[2026-08-21 12:45:26Z INFO HostContext] Well known directory 'Work': 'D:\Remote-Learning---LUMER\Remote-Learning-LUMER\actions-runner\_work'
[2026-08-21 12:45:26Z INFO HostContext] Well known directory 'Temp': 'D:\Remote-Learning---LUMER\Remote-Learning-LUMER\actions-runner\_work\_temp'
[2026-08-21 12:45:26Z INFO ExecutionContext] Write event payload to D:\Remote-Learning---LUMER\Remote-Learning-LUMER\actions-runner\_work\_temp\_github_workflow\event.json
[2026-08-21 12:45:26Z INFO HostContext] Well known directory 'Bin': 'D:\Remote-Learning---LUMER\Remote-Learning-LUMER\actions-runner\bin'
[2026-08-21 12:45:26Z INFO HostContext] Well known directory 'Root': 'D:\Remote-Learning---LUMER\Remote-Learning-LUMER\actions-runner'
[2026-08-21 12:45:26Z INFO HostContext] Well known directory 'Work': 'D:\Remote-Learning---LUMER\Remote-Learning-LUMER\actions-runner\_work'
[2026-08-21 12:45:26Z INFO HostContext] Well known directory 'Temp': 'D:\Remote-Learning---LUMER\Remote-Learning-LUMER\actions-runner\_work\_temp'
[2026-08-21 12:45:26Z INFO ExtensionManager] Getting extensions for interface: 'GitHub.Runner.Worker.IFileCommandExtension'
[2026-08-21 12:45:26Z INFO ExtensionManager] Getting extensions for interface: 'GitHub.Runner.Worker.IActionCommandExtension'
[2026-08-21 12:45:26Z INFO ActionCommandManager] Register action command extension for command internal-set-repo-path
[2026-08-21 12:45:26Z INFO ActionCommandManager] Register action command extension for command set-env
[2026-08-21 12:45:26Z INFO ActionCommandManager] Register action command extension for command set-output
[2026-08-21 12:45:26Z INFO ActionCommandManager] Register action command extension for command save-state
[2026-08-21 12:45:26Z INFO ActionCommandManager] Register action command extension for command add-path
[2026-08-21 12:45:26Z INFO ActionCommandManager] Register action command extension for command add-mask
[2026-08-21 12:45:26Z INFO ActionCommandManager] Register action command extension for command add-matcher
[2026-08-21 12:45:26Z INFO ActionCommandManager] Register action command extension for command remove-matcher
[2026-08-21 12:45:26Z INFO ActionCommandManager] Register action command extension for command warning
[2026-08-21 12:45:26Z INFO ActionCommandManager] Register action command extension for command error
[2026-08-21 12:45:26Z INFO ActionCommandManager] Register action command extension for command notice
[2026-08-21 12:45:26Z INFO ActionCommandManager] Register action command extension for command debug
[2026-08-21 12:45:26Z INFO ActionCommandManager] Register action command extension for command group
[2026-08-21 12:45:26Z INFO ActionCommandManager] Register action command extension for command endgroup
[2026-08-21 12:45:26Z INFO ActionCommandManager] Register action command extension for command echo
[2026-08-21 12:45:26Z INFO ScriptHandler] Which2: 'powershell'
[2026-08-21 12:45:26Z INFO ScriptHandler] Location: 'C:\Windows\System32\WindowsPowerShell\v1.0\powershell.EXE'
[2026-08-21 12:45:26Z INFO HostContext] Well known directory 'Bin': 'D:\Remote-Learning---LUMER\Remote-Learning-LUMER\actions-runner\bin'
[2026-08-21 12:45:26Z INFO HostContext] Well known directory 'Root': 'D:\Remote-Learning---LUMER\Remote-Learning-LUMER\actions-runner'
[2026-08-21 12:45:26Z INFO HostContext] Well known directory 'Work': 'D:\Remote-Learning---LUMER\Remote-Learning-LUMER\actions-runner\_work'
[2026-08-21 12:45:26Z INFO HostContext] Well known directory 'Temp': 'D:\Remote-Learning---LUMER\Remote-Learning-LUMER\actions-runner\_work\_temp'
[2026-08-21 12:45:26Z INFO ScriptHandler] Which2: 'powershell'
[2026-08-21 12:45:26Z INFO ScriptHandler] Location: 'C:\Windows\System32\WindowsPowerShell\v1.0\powershell.EXE'
[2026-08-21 12:45:26Z INFO ProcessInvokerWrapper] Starting process:
[2026-08-21 12:45:26Z INFO ProcessInvokerWrapper]   File name: 'C:\Windows\System32\WindowsPowerShell\v1.0\powershell.EXE'
[2026-08-21 12:45:26Z INFO ProcessInvokerWrapper]   Arguments: '-command ". 'D:\Remote-Learning---LUMER\Remote-Learning-LUMER\actions-runner\_work\_temp\29dccddd-fe51-41c9-8ffb-6d4fb6d4c9c0.ps1'"'
[2026-08-21 12:45:26Z INFO ProcessInvokerWrapper]   Working directory: 'D:\Remote-Learning---LUMER\Remote-Learning-LUMER\actions-runner\_work\TestK8s\TestK8s'
[2026-08-21 12:45:26Z INFO ProcessInvokerWrapper]   Require exit code zero: 'False'
[2026-08-21 12:45:26Z INFO ProcessInvokerWrapper]   Encoding web name:  ; code page: ''
[2026-08-21 12:45:26Z INFO ProcessInvokerWrapper]   Force kill process on cancellation: 'False'
[2026-08-21 12:45:26Z INFO ProcessInvokerWrapper]   Redirected STDIN: 'False'
[2026-08-21 12:45:26Z INFO ProcessInvokerWrapper]   Persist current code page: 'True'
[2026-08-21 12:45:26Z INFO ProcessInvokerWrapper]   Keep redirected STDIN open: 'False'
[2026-08-21 12:45:26Z INFO ProcessInvokerWrapper]   High priority process: 'False'
[2026-08-21 12:45:26Z INFO ProcessInvokerWrapper] Process started with process id 26760, waiting for process exit.
[2026-08-21 12:45:26Z INFO JobServerQueue] Try to upload 1 log files or attachments, success rate: 1/1.
[2026-08-21 12:45:26Z INFO JobServerQueue] Try to append 1 batches web console lines for record '49e7c8ad-a254-4723-9a75-e6c133326ab8', success rate: 1/1.
[2026-08-21 12:45:27Z INFO JobServerQueue] Try to append 1 batches web console lines for record '49e7c8ad-a254-4723-9a75-e6c133326ab8', success rate: 1/1.
[2026-08-21 12:45:27Z INFO JobServerQueue] Got a step log file to send to results service.
[2026-08-21 12:45:27Z INFO JobServerQueue] Starting upload of step log file to results service ResultsLog, D:\Remote-Learning---LUMER\Remote-Learning-LUMER\actions-runner\_diag\blocks\f9f8b513-01ba-4479-94d4-dbd64730652a_06a9b3a3-a350-4def-855a-ef9360b7f787.1
[2026-08-21 12:45:27Z INFO JobServerQueue] Try to append 1 batches web console lines for record '49e7c8ad-a254-4723-9a75-e6c133326ab8', success rate: 1/1.
[2026-08-21 12:45:27Z INFO ProcessInvokerWrapper] STDOUT/STDERR stream read finished.
[2026-08-21 12:45:27Z INFO ProcessInvokerWrapper] STDOUT/STDERR stream read finished.
[2026-08-21 12:45:27Z INFO ProcessInvokerWrapper] Finished process 26760 with exit code 0, and elapsed time 00:00:01.1702836.
[2026-08-21 12:45:27Z INFO CreateStepSummaryCommand] Step Summary file (D:\Remote-Learning---LUMER\Remote-Learning-LUMER\actions-runner\_work\_temp\_runner_file_commands\step_summary_f6975cf2-009a-4b0b-9d13-8e6136838906) is empty; skipping attachment upload
[2026-08-21 12:45:27Z INFO StepsRunner] Step result: 
[2026-08-21 12:45:27Z INFO ExecutionContext] Publish step telemetry for current step {
  "action": "powershell",
  "type": "run",
  "stage": "Main",
  "stepId": "49e7c8ad-a254-4723-9a75-e6c133326ab8",
  "stepContextName": "__run",
  "result": "succeeded",
  "errorMessages": [],
  "executionTimeInSeconds": 2,
  "startTime": "2026-08-21T12:45:26.2734759Z",
  "finishTime": "2026-08-21T12:45:27.5138815Z"
}.
[2026-08-21 12:45:27Z INFO StepsRunner] No need for updating job result with current step result 'Succeeded'.
[2026-08-21 12:45:27Z INFO StepsRunner] Current state: job state = ''
[2026-08-21 12:45:27Z INFO StepsRunner] Processing step: DisplayName='Apply Kubernetes Manifests'
[2026-08-21 12:45:27Z INFO StepsRunner] Evaluating: success()
[2026-08-21 12:45:27Z INFO StepsRunner] Result: true
[2026-08-21 12:45:27Z INFO StepsRunner] Starting the step.
[2026-08-21 12:45:27Z INFO HostContext] Well known directory 'Bin': 'D:\Remote-Learning---LUMER\Remote-Learning-LUMER\actions-runner\bin'
[2026-08-21 12:45:27Z INFO HostContext] Well known directory 'Root': 'D:\Remote-Learning---LUMER\Remote-Learning-LUMER\actions-runner'
[2026-08-21 12:45:27Z INFO HostContext] Well known directory 'Work': 'D:\Remote-Learning---LUMER\Remote-Learning-LUMER\actions-runner\_work'
[2026-08-21 12:45:27Z INFO StepsRunner] Which2: 'chcp'
[2026-08-21 12:45:27Z INFO StepsRunner] Location: 'C:\Windows\system32\chcp.COM'
[2026-08-21 12:45:27Z INFO ProcessInvokerWrapper] Starting process:
[2026-08-21 12:45:27Z INFO ProcessInvokerWrapper]   File name: 'C:\Windows\system32\chcp.COM'
[2026-08-21 12:45:27Z INFO ProcessInvokerWrapper]   Arguments: '65001'
[2026-08-21 12:45:27Z INFO ProcessInvokerWrapper]   Working directory: 'D:\Remote-Learning---LUMER\Remote-Learning-LUMER\actions-runner\_work'
[2026-08-21 12:45:27Z INFO ProcessInvokerWrapper]   Require exit code zero: 'False'
[2026-08-21 12:45:27Z INFO ProcessInvokerWrapper]   Encoding web name:  ; code page: ''
[2026-08-21 12:45:27Z INFO ProcessInvokerWrapper]   Force kill process on cancellation: 'False'
[2026-08-21 12:45:27Z INFO ProcessInvokerWrapper]   Redirected STDIN: 'False'
[2026-08-21 12:45:27Z INFO ProcessInvokerWrapper]   Persist current code page: 'True'
[2026-08-21 12:45:27Z INFO ProcessInvokerWrapper]   Keep redirected STDIN open: 'False'
[2026-08-21 12:45:27Z INFO ProcessInvokerWrapper]   High priority process: 'False'
[2026-08-21 12:45:27Z INFO ProcessInvokerWrapper] Process started with process id 4420, waiting for process exit.
[2026-08-21 12:45:27Z INFO ProcessInvokerWrapper] STDOUT/STDERR stream read finished.
[2026-08-21 12:45:27Z INFO ProcessInvokerWrapper] STDOUT/STDERR stream read finished.
[2026-08-21 12:45:27Z INFO ProcessInvokerWrapper] Finished process 4420 with exit code 0, and elapsed time 00:00:00.0220904.
[2026-08-21 12:45:27Z INFO StepsRunner] Successfully returned to code page 65001 (UTF8)
[2026-08-21 12:45:27Z INFO HostContext] Well known directory 'Bin': 'D:\Remote-Learning---LUMER\Remote-Learning-LUMER\actions-runner\bin'
[2026-08-21 12:45:27Z INFO HostContext] Well known directory 'Root': 'D:\Remote-Learning---LUMER\Remote-Learning-LUMER\actions-runner'
[2026-08-21 12:45:27Z INFO HostContext] Well known directory 'Work': 'D:\Remote-Learning---LUMER\Remote-Learning-LUMER\actions-runner\_work'
[2026-08-21 12:45:27Z INFO HostContext] Well known directory 'Temp': 'D:\Remote-Learning---LUMER\Remote-Learning-LUMER\actions-runner\_work\_temp'
[2026-08-21 12:45:27Z INFO ExecutionContext] Write event payload to D:\Remote-Learning---LUMER\Remote-Learning-LUMER\actions-runner\_work\_temp\_github_workflow\event.json
[2026-08-21 12:45:27Z INFO HostContext] Well known directory 'Bin': 'D:\Remote-Learning---LUMER\Remote-Learning-LUMER\actions-runner\bin'
[2026-08-21 12:45:27Z INFO HostContext] Well known directory 'Root': 'D:\Remote-Learning---LUMER\Remote-Learning-LUMER\actions-runner'
[2026-08-21 12:45:27Z INFO HostContext] Well known directory 'Work': 'D:\Remote-Learning---LUMER\Remote-Learning-LUMER\actions-runner\_work'
[2026-08-21 12:45:27Z INFO HostContext] Well known directory 'Temp': 'D:\Remote-Learning---LUMER\Remote-Learning-LUMER\actions-runner\_work\_temp'
[2026-08-21 12:45:27Z INFO ExtensionManager] Getting extensions for interface: 'GitHub.Runner.Worker.IFileCommandExtension'
[2026-08-21 12:45:27Z INFO ExtensionManager] Getting extensions for interface: 'GitHub.Runner.Worker.IActionCommandExtension'
[2026-08-21 12:45:27Z INFO ActionCommandManager] Register action command extension for command internal-set-repo-path
[2026-08-21 12:45:27Z INFO ActionCommandManager] Register action command extension for command set-env
[2026-08-21 12:45:27Z INFO ActionCommandManager] Register action command extension for command set-output
[2026-08-21 12:45:27Z INFO ActionCommandManager] Register action command extension for command save-state
[2026-08-21 12:45:27Z INFO ActionCommandManager] Register action command extension for command add-path
[2026-08-21 12:45:27Z INFO ActionCommandManager] Register action command extension for command add-mask
[2026-08-21 12:45:27Z INFO ActionCommandManager] Register action command extension for command add-matcher
[2026-08-21 12:45:27Z INFO ActionCommandManager] Register action command extension for command remove-matcher
[2026-08-21 12:45:27Z INFO ActionCommandManager] Register action command extension for command warning
[2026-08-21 12:45:27Z INFO ActionCommandManager] Register action command extension for command error
[2026-08-21 12:45:27Z INFO ActionCommandManager] Register action command extension for command notice
[2026-08-21 12:45:27Z INFO ActionCommandManager] Register action command extension for command debug
[2026-08-21 12:45:27Z INFO ActionCommandManager] Register action command extension for command group
[2026-08-21 12:45:27Z INFO ActionCommandManager] Register action command extension for command endgroup
[2026-08-21 12:45:27Z INFO ActionCommandManager] Register action command extension for command echo
[2026-08-21 12:45:27Z INFO ScriptHandler] Which2: 'powershell'
[2026-08-21 12:45:27Z INFO ScriptHandler] Location: 'C:\Windows\System32\WindowsPowerShell\v1.0\powershell.EXE'
[2026-08-21 12:45:27Z INFO HostContext] Well known directory 'Bin': 'D:\Remote-Learning---LUMER\Remote-Learning-LUMER\actions-runner\bin'
[2026-08-21 12:45:27Z INFO HostContext] Well known directory 'Root': 'D:\Remote-Learning---LUMER\Remote-Learning-LUMER\actions-runner'
[2026-08-21 12:45:27Z INFO HostContext] Well known directory 'Work': 'D:\Remote-Learning---LUMER\Remote-Learning-LUMER\actions-runner\_work'
[2026-08-21 12:45:27Z INFO HostContext] Well known directory 'Temp': 'D:\Remote-Learning---LUMER\Remote-Learning-LUMER\actions-runner\_work\_temp'
[2026-08-21 12:45:27Z INFO ScriptHandler] Which2: 'powershell'
[2026-08-21 12:45:27Z INFO ScriptHandler] Location: 'C:\Windows\System32\WindowsPowerShell\v1.0\powershell.EXE'
[2026-08-21 12:45:27Z INFO ProcessInvokerWrapper] Starting process:
[2026-08-21 12:45:27Z INFO ProcessInvokerWrapper]   File name: 'C:\Windows\System32\WindowsPowerShell\v1.0\powershell.EXE'
[2026-08-21 12:45:27Z INFO ProcessInvokerWrapper]   Arguments: '-command ". 'D:\Remote-Learning---LUMER\Remote-Learning-LUMER\actions-runner\_work\_temp\e52ec48e-77d0-4f78-b578-e3e25f5a7fd5.ps1'"'
[2026-08-21 12:45:27Z INFO ProcessInvokerWrapper]   Working directory: 'D:\Remote-Learning---LUMER\Remote-Learning-LUMER\actions-runner\_work\TestK8s\TestK8s'
[2026-08-21 12:45:27Z INFO ProcessInvokerWrapper]   Require exit code zero: 'False'
[2026-08-21 12:45:27Z INFO ProcessInvokerWrapper]   Encoding web name:  ; code page: ''
[2026-08-21 12:45:27Z INFO ProcessInvokerWrapper]   Force kill process on cancellation: 'False'
[2026-08-21 12:45:27Z INFO ProcessInvokerWrapper]   Redirected STDIN: 'False'
[2026-08-21 12:45:27Z INFO ProcessInvokerWrapper]   Persist current code page: 'True'
[2026-08-21 12:45:27Z INFO ProcessInvokerWrapper]   Keep redirected STDIN open: 'False'
[2026-08-21 12:45:27Z INFO ProcessInvokerWrapper]   High priority process: 'False'
[2026-08-21 12:45:27Z INFO JobServerQueue] Try to append 1 batches web console lines for record '49e7c8ad-a254-4723-9a75-e6c133326ab8', success rate: 1/1.
[2026-08-21 12:45:27Z INFO JobServerQueue] Try to append 1 batches web console lines for record 'cfa0d653-7ba5-4da5-a047-b8c197d82816', success rate: 1/1.
[2026-08-21 12:45:27Z INFO ProcessInvokerWrapper] Process started with process id 19836, waiting for process exit.
[2026-08-21 12:45:27Z INFO JobServerQueue] Tried to upload 1 file(s) to results, success rate: 1/1.
[2026-08-21 12:45:28Z INFO JobServerQueue] Try to append 1 batches web console lines for record 'cfa0d653-7ba5-4da5-a047-b8c197d82816', success rate: 1/1.
[2026-08-21 12:45:28Z INFO JobServerQueue] Try to upload 1 log files or attachments, success rate: 1/1.
[2026-08-21 12:45:28Z INFO JobServerQueue] Try to append 1 batches web console lines for record 'cfa0d653-7ba5-4da5-a047-b8c197d82816', success rate: 1/1.
[2026-08-21 12:45:28Z INFO JobServerQueue] Try to append 1 batches web console lines for record 'cfa0d653-7ba5-4da5-a047-b8c197d82816', success rate: 1/1.
[2026-08-21 12:45:28Z INFO JobServerQueue] Got a step log file to send to results service.
[2026-08-21 12:45:28Z INFO JobServerQueue] Starting upload of step log file to results service ResultsLog, D:\Remote-Learning---LUMER\Remote-Learning-LUMER\actions-runner\_diag\blocks\f9f8b513-01ba-4479-94d4-dbd64730652a_49e7c8ad-a254-4723-9a75-e6c133326ab8.1
[2026-08-21 12:45:29Z INFO JobServerQueue] Try to append 1 batches web console lines for record 'cfa0d653-7ba5-4da5-a047-b8c197d82816', success rate: 1/1.
[2026-08-21 12:45:29Z INFO JobServerQueue] Try to append 1 batches web console lines for record 'cfa0d653-7ba5-4da5-a047-b8c197d82816', success rate: 1/1.
[2026-08-21 12:45:29Z INFO ProcessInvokerWrapper] STDOUT/STDERR stream read finished.
[2026-08-21 12:45:29Z INFO ProcessInvokerWrapper] STDOUT/STDERR stream read finished.
[2026-08-21 12:45:29Z INFO ProcessInvokerWrapper] Finished process 19836 with exit code 0, and elapsed time 00:00:01.9020321.
[2026-08-21 12:45:29Z INFO CreateStepSummaryCommand] Step Summary file (D:\Remote-Learning---LUMER\Remote-Learning-LUMER\actions-runner\_work\_temp\_runner_file_commands\step_summary_cba71063-9dc8-4c51-907b-ea4eb24c6c48) is empty; skipping attachment upload
[2026-08-21 12:45:29Z INFO StepsRunner] Step result: 
[2026-08-21 12:45:29Z INFO ExecutionContext] Publish step telemetry for current step {
  "action": "powershell",
  "type": "run",
  "stage": "Main",
  "stepId": "cfa0d653-7ba5-4da5-a047-b8c197d82816",
  "stepContextName": "__run_2",
  "result": "succeeded",
  "errorMessages": [],
  "executionTimeInSeconds": 2,
  "startTime": "2026-08-21T12:45:27.5148875Z",
  "finishTime": "2026-08-21T12:45:29.4619401Z"
}.
[2026-08-21 12:45:29Z INFO StepsRunner] No need for updating job result with current step result 'Succeeded'.
[2026-08-21 12:45:29Z INFO StepsRunner] Current state: job state = ''
[2026-08-21 12:45:29Z INFO StepsRunner] Processing step: DisplayName='Restart Backend Services'
[2026-08-21 12:45:29Z INFO StepsRunner] Evaluating: success()
[2026-08-21 12:45:29Z INFO StepsRunner] Result: true
[2026-08-21 12:45:29Z INFO StepsRunner] Starting the step.
[2026-08-21 12:45:29Z INFO HostContext] Well known directory 'Bin': 'D:\Remote-Learning---LUMER\Remote-Learning-LUMER\actions-runner\bin'
[2026-08-21 12:45:29Z INFO HostContext] Well known directory 'Root': 'D:\Remote-Learning---LUMER\Remote-Learning-LUMER\actions-runner'
[2026-08-21 12:45:29Z INFO HostContext] Well known directory 'Work': 'D:\Remote-Learning---LUMER\Remote-Learning-LUMER\actions-runner\_work'
[2026-08-21 12:45:29Z INFO StepsRunner] Which2: 'chcp'
[2026-08-21 12:45:29Z INFO StepsRunner] Location: 'C:\Windows\system32\chcp.COM'
[2026-08-21 12:45:29Z INFO ProcessInvokerWrapper] Starting process:
[2026-08-21 12:45:29Z INFO ProcessInvokerWrapper]   File name: 'C:\Windows\system32\chcp.COM'
[2026-08-21 12:45:29Z INFO ProcessInvokerWrapper]   Arguments: '65001'
[2026-08-21 12:45:29Z INFO ProcessInvokerWrapper]   Working directory: 'D:\Remote-Learning---LUMER\Remote-Learning-LUMER\actions-runner\_work'
[2026-08-21 12:45:29Z INFO ProcessInvokerWrapper]   Require exit code zero: 'False'
[2026-08-21 12:45:29Z INFO ProcessInvokerWrapper]   Encoding web name:  ; code page: ''
[2026-08-21 12:45:29Z INFO ProcessInvokerWrapper]   Force kill process on cancellation: 'False'
[2026-08-21 12:45:29Z INFO ProcessInvokerWrapper]   Redirected STDIN: 'False'
[2026-08-21 12:45:29Z INFO ProcessInvokerWrapper]   Persist current code page: 'True'
[2026-08-21 12:45:29Z INFO ProcessInvokerWrapper]   Keep redirected STDIN open: 'False'
[2026-08-21 12:45:29Z INFO ProcessInvokerWrapper]   High priority process: 'False'
[2026-08-21 12:45:29Z INFO ProcessInvokerWrapper] Process started with process id 29128, waiting for process exit.
[2026-08-21 12:45:29Z INFO ProcessInvokerWrapper] STDOUT/STDERR stream read finished.
[2026-08-21 12:45:29Z INFO ProcessInvokerWrapper] STDOUT/STDERR stream read finished.
[2026-08-21 12:45:29Z INFO ProcessInvokerWrapper] Finished process 29128 with exit code 0, and elapsed time 00:00:00.0253847.
[2026-08-21 12:45:29Z INFO StepsRunner] Successfully returned to code page 65001 (UTF8)
[2026-08-21 12:45:29Z INFO HostContext] Well known directory 'Bin': 'D:\Remote-Learning---LUMER\Remote-Learning-LUMER\actions-runner\bin'
[2026-08-21 12:45:29Z INFO HostContext] Well known directory 'Root': 'D:\Remote-Learning---LUMER\Remote-Learning-LUMER\actions-runner'
[2026-08-21 12:45:29Z INFO HostContext] Well known directory 'Work': 'D:\Remote-Learning---LUMER\Remote-Learning-LUMER\actions-runner\_work'
[2026-08-21 12:45:29Z INFO HostContext] Well known directory 'Temp': 'D:\Remote-Learning---LUMER\Remote-Learning-LUMER\actions-runner\_work\_temp'
[2026-08-21 12:45:29Z INFO ExecutionContext] Write event payload to D:\Remote-Learning---LUMER\Remote-Learning-LUMER\actions-runner\_work\_temp\_github_workflow\event.json
[2026-08-21 12:45:29Z INFO HostContext] Well known directory 'Bin': 'D:\Remote-Learning---LUMER\Remote-Learning-LUMER\actions-runner\bin'
[2026-08-21 12:45:29Z INFO HostContext] Well known directory 'Root': 'D:\Remote-Learning---LUMER\Remote-Learning-LUMER\actions-runner'
[2026-08-21 12:45:29Z INFO HostContext] Well known directory 'Work': 'D:\Remote-Learning---LUMER\Remote-Learning-LUMER\actions-runner\_work'
[2026-08-21 12:45:29Z INFO HostContext] Well known directory 'Temp': 'D:\Remote-Learning---LUMER\Remote-Learning-LUMER\actions-runner\_work\_temp'
[2026-08-21 12:45:29Z INFO ExtensionManager] Getting extensions for interface: 'GitHub.Runner.Worker.IFileCommandExtension'
[2026-08-21 12:45:29Z INFO ExtensionManager] Getting extensions for interface: 'GitHub.Runner.Worker.IActionCommandExtension'
[2026-08-21 12:45:29Z INFO ActionCommandManager] Register action command extension for command internal-set-repo-path
[2026-08-21 12:45:29Z INFO ActionCommandManager] Register action command extension for command set-env
[2026-08-21 12:45:29Z INFO ActionCommandManager] Register action command extension for command set-output
[2026-08-21 12:45:29Z INFO ActionCommandManager] Register action command extension for command save-state
[2026-08-21 12:45:29Z INFO ActionCommandManager] Register action command extension for command add-path
[2026-08-21 12:45:29Z INFO ActionCommandManager] Register action command extension for command add-mask
[2026-08-21 12:45:29Z INFO ActionCommandManager] Register action command extension for command add-matcher
[2026-08-21 12:45:29Z INFO ActionCommandManager] Register action command extension for command remove-matcher
[2026-08-21 12:45:29Z INFO ActionCommandManager] Register action command extension for command warning
[2026-08-21 12:45:29Z INFO ActionCommandManager] Register action command extension for command error
[2026-08-21 12:45:29Z INFO ActionCommandManager] Register action command extension for command notice
[2026-08-21 12:45:29Z INFO ActionCommandManager] Register action command extension for command debug
[2026-08-21 12:45:29Z INFO ActionCommandManager] Register action command extension for command group
[2026-08-21 12:45:29Z INFO ActionCommandManager] Register action command extension for command endgroup
[2026-08-21 12:45:29Z INFO ActionCommandManager] Register action command extension for command echo
[2026-08-21 12:45:29Z INFO ScriptHandler] Which2: 'powershell'
[2026-08-21 12:45:29Z INFO ScriptHandler] Location: 'C:\Windows\System32\WindowsPowerShell\v1.0\powershell.EXE'
[2026-08-21 12:45:29Z INFO HostContext] Well known directory 'Bin': 'D:\Remote-Learning---LUMER\Remote-Learning-LUMER\actions-runner\bin'
[2026-08-21 12:45:29Z INFO HostContext] Well known directory 'Root': 'D:\Remote-Learning---LUMER\Remote-Learning-LUMER\actions-runner'
[2026-08-21 12:45:29Z INFO HostContext] Well known directory 'Work': 'D:\Remote-Learning---LUMER\Remote-Learning-LUMER\actions-runner\_work'
[2026-08-21 12:45:29Z INFO HostContext] Well known directory 'Temp': 'D:\Remote-Learning---LUMER\Remote-Learning-LUMER\actions-runner\_work\_temp'
[2026-08-21 12:45:29Z INFO ScriptHandler] Which2: 'powershell'
[2026-08-21 12:45:29Z INFO ScriptHandler] Location: 'C:\Windows\System32\WindowsPowerShell\v1.0\powershell.EXE'
[2026-08-21 12:45:29Z INFO JobServerQueue] Try to upload 1 log files or attachments, success rate: 1/1.
[2026-08-21 12:45:29Z INFO ProcessInvokerWrapper] Starting process:
[2026-08-21 12:45:29Z INFO ProcessInvokerWrapper]   File name: 'C:\Windows\System32\WindowsPowerShell\v1.0\powershell.EXE'
[2026-08-21 12:45:29Z INFO ProcessInvokerWrapper]   Arguments: '-command ". 'D:\Remote-Learning---LUMER\Remote-Learning-LUMER\actions-runner\_work\_temp\b128a79b-1aba-4cc5-b70d-04263cb60749.ps1'"'
[2026-08-21 12:45:29Z INFO ProcessInvokerWrapper]   Working directory: 'D:\Remote-Learning---LUMER\Remote-Learning-LUMER\actions-runner\_work\TestK8s\TestK8s'
[2026-08-21 12:45:29Z INFO ProcessInvokerWrapper]   Require exit code zero: 'False'
[2026-08-21 12:45:29Z INFO ProcessInvokerWrapper]   Encoding web name:  ; code page: ''
[2026-08-21 12:45:29Z INFO ProcessInvokerWrapper]   Force kill process on cancellation: 'False'
[2026-08-21 12:45:29Z INFO ProcessInvokerWrapper]   Redirected STDIN: 'False'
[2026-08-21 12:45:29Z INFO ProcessInvokerWrapper]   Persist current code page: 'True'
[2026-08-21 12:45:29Z INFO ProcessInvokerWrapper]   Keep redirected STDIN open: 'False'
[2026-08-21 12:45:29Z INFO ProcessInvokerWrapper]   High priority process: 'False'
[2026-08-21 12:45:29Z INFO ProcessInvokerWrapper] Process started with process id 22868, waiting for process exit.
[2026-08-21 12:45:29Z INFO JobServerQueue] Try to append 1 batches web console lines for record '8c07e95f-86eb-4a93-8525-aaf07e84830a', success rate: 1/1.
[2026-08-21 12:45:29Z INFO JobServerQueue] Tried to upload 1 file(s) to results, success rate: 1/1.
[2026-08-21 12:45:30Z INFO JobServerQueue] Try to append 1 batches web console lines for record '8c07e95f-86eb-4a93-8525-aaf07e84830a', success rate: 1/1.
[2026-08-21 12:45:30Z INFO JobServerQueue] Try to append 1 batches web console lines for record '8c07e95f-86eb-4a93-8525-aaf07e84830a', success rate: 1/1.
[2026-08-21 12:45:30Z INFO HostContext] Well known directory 'Bin': 'D:\Remote-Learning---LUMER\Remote-Learning-LUMER\actions-runner\bin'
[2026-08-21 12:45:30Z INFO HostContext] Well known directory 'Root': 'D:\Remote-Learning---LUMER\Remote-Learning-LUMER\actions-runner'
[2026-08-21 12:45:30Z INFO HostContext] Well known directory 'Work': 'D:\Remote-Learning---LUMER\Remote-Learning-LUMER\actions-runner\_work'
[2026-08-21 12:45:30Z INFO JobServerQueue] Try to append 1 batches web console lines for record '8c07e95f-86eb-4a93-8525-aaf07e84830a', success rate: 1/1.
[2026-08-21 12:45:30Z INFO ProcessInvokerWrapper] STDOUT/STDERR stream read finished.
[2026-08-21 12:45:30Z INFO ProcessInvokerWrapper] STDOUT/STDERR stream read finished.
[2026-08-21 12:45:30Z INFO ProcessInvokerWrapper] Finished process 22868 with exit code 0, and elapsed time 00:00:01.2192839.
[2026-08-21 12:45:30Z INFO CreateStepSummaryCommand] Step Summary file (D:\Remote-Learning---LUMER\Remote-Learning-LUMER\actions-runner\_work\_temp\_runner_file_commands\step_summary_6006cbe0-533a-4115-aab8-d8af76ee48fb) is empty; skipping attachment upload
[2026-08-21 12:45:30Z INFO StepsRunner] Step result: 
[2026-08-21 12:45:30Z INFO ExecutionContext] Publish step telemetry for current step {
  "action": "powershell",
  "type": "run",
  "stage": "Main",
  "stepId": "8c07e95f-86eb-4a93-8525-aaf07e84830a",
  "stepContextName": "__run_3",
  "result": "succeeded",
  "errorMessages": [],
  "executionTimeInSeconds": 2,
  "startTime": "2026-08-21T12:45:29.4636497Z",
  "finishTime": "2026-08-21T12:45:30.7368Z"
}.
[2026-08-21 12:45:30Z INFO StepsRunner] No need for updating job result with current step result 'Succeeded'.
[2026-08-21 12:45:30Z INFO StepsRunner] Current state: job state = ''
[2026-08-21 12:45:30Z INFO StepsRunner] Processing step: DisplayName='Restart Frontend'
[2026-08-21 12:45:30Z INFO StepsRunner] Evaluating: success()
[2026-08-21 12:45:30Z INFO StepsRunner] Result: true
[2026-08-21 12:45:30Z INFO StepsRunner] Starting the step.
[2026-08-21 12:45:30Z INFO HostContext] Well known directory 'Bin': 'D:\Remote-Learning---LUMER\Remote-Learning-LUMER\actions-runner\bin'
[2026-08-21 12:45:30Z INFO HostContext] Well known directory 'Root': 'D:\Remote-Learning---LUMER\Remote-Learning-LUMER\actions-runner'
[2026-08-21 12:45:30Z INFO HostContext] Well known directory 'Work': 'D:\Remote-Learning---LUMER\Remote-Learning-LUMER\actions-runner\_work'
[2026-08-21 12:45:30Z INFO StepsRunner] Which2: 'chcp'
[2026-08-21 12:45:30Z INFO StepsRunner] Location: 'C:\Windows\system32\chcp.COM'
[2026-08-21 12:45:30Z INFO ProcessInvokerWrapper] Starting process:
[2026-08-21 12:45:30Z INFO ProcessInvokerWrapper]   File name: 'C:\Windows\system32\chcp.COM'
[2026-08-21 12:45:30Z INFO ProcessInvokerWrapper]   Arguments: '65001'
[2026-08-21 12:45:30Z INFO ProcessInvokerWrapper]   Working directory: 'D:\Remote-Learning---LUMER\Remote-Learning-LUMER\actions-runner\_work'
[2026-08-21 12:45:30Z INFO ProcessInvokerWrapper]   Require exit code zero: 'False'
[2026-08-21 12:45:30Z INFO ProcessInvokerWrapper]   Encoding web name:  ; code page: ''
[2026-08-21 12:45:30Z INFO ProcessInvokerWrapper]   Force kill process on cancellation: 'False'
[2026-08-21 12:45:30Z INFO ProcessInvokerWrapper]   Redirected STDIN: 'False'
[2026-08-21 12:45:30Z INFO ProcessInvokerWrapper]   Persist current code page: 'True'
[2026-08-21 12:45:30Z INFO ProcessInvokerWrapper]   Keep redirected STDIN open: 'False'
[2026-08-21 12:45:30Z INFO ProcessInvokerWrapper]   High priority process: 'False'
[2026-08-21 12:45:30Z INFO ProcessInvokerWrapper] Process started with process id 30032, waiting for process exit.
[2026-08-21 12:45:30Z INFO ProcessInvokerWrapper] STDOUT/STDERR stream read finished.
[2026-08-21 12:45:30Z INFO ProcessInvokerWrapper] STDOUT/STDERR stream read finished.
[2026-08-21 12:45:30Z INFO ProcessInvokerWrapper] Finished process 30032 with exit code 0, and elapsed time 00:00:00.0205774.
[2026-08-21 12:45:30Z INFO StepsRunner] Successfully returned to code page 65001 (UTF8)
[2026-08-21 12:45:30Z INFO HostContext] Well known directory 'Bin': 'D:\Remote-Learning---LUMER\Remote-Learning-LUMER\actions-runner\bin'
[2026-08-21 12:45:30Z INFO HostContext] Well known directory 'Root': 'D:\Remote-Learning---LUMER\Remote-Learning-LUMER\actions-runner'
[2026-08-21 12:45:30Z INFO HostContext] Well known directory 'Work': 'D:\Remote-Learning---LUMER\Remote-Learning-LUMER\actions-runner\_work'
[2026-08-21 12:45:30Z INFO HostContext] Well known directory 'Temp': 'D:\Remote-Learning---LUMER\Remote-Learning-LUMER\actions-runner\_work\_temp'
[2026-08-21 12:45:30Z INFO ExecutionContext] Write event payload to D:\Remote-Learning---LUMER\Remote-Learning-LUMER\actions-runner\_work\_temp\_github_workflow\event.json
[2026-08-21 12:45:30Z INFO HostContext] Well known directory 'Bin': 'D:\Remote-Learning---LUMER\Remote-Learning-LUMER\actions-runner\bin'
[2026-08-21 12:45:30Z INFO HostContext] Well known directory 'Root': 'D:\Remote-Learning---LUMER\Remote-Learning-LUMER\actions-runner'
[2026-08-21 12:45:30Z INFO HostContext] Well known directory 'Work': 'D:\Remote-Learning---LUMER\Remote-Learning-LUMER\actions-runner\_work'
[2026-08-21 12:45:30Z INFO HostContext] Well known directory 'Temp': 'D:\Remote-Learning---LUMER\Remote-Learning-LUMER\actions-runner\_work\_temp'
[2026-08-21 12:45:30Z INFO ExtensionManager] Getting extensions for interface: 'GitHub.Runner.Worker.IFileCommandExtension'
[2026-08-21 12:45:30Z INFO ExtensionManager] Getting extensions for interface: 'GitHub.Runner.Worker.IActionCommandExtension'
[2026-08-21 12:45:30Z INFO ActionCommandManager] Register action command extension for command internal-set-repo-path
[2026-08-21 12:45:30Z INFO ActionCommandManager] Register action command extension for command set-env
[2026-08-21 12:45:30Z INFO ActionCommandManager] Register action command extension for command set-output
[2026-08-21 12:45:30Z INFO ActionCommandManager] Register action command extension for command save-state
[2026-08-21 12:45:30Z INFO ActionCommandManager] Register action command extension for command add-path
[2026-08-21 12:45:30Z INFO ActionCommandManager] Register action command extension for command add-mask
[2026-08-21 12:45:30Z INFO ActionCommandManager] Register action command extension for command add-matcher
[2026-08-21 12:45:30Z INFO ActionCommandManager] Register action command extension for command remove-matcher
[2026-08-21 12:45:30Z INFO ActionCommandManager] Register action command extension for command warning
[2026-08-21 12:45:30Z INFO ActionCommandManager] Register action command extension for command error
[2026-08-21 12:45:30Z INFO ActionCommandManager] Register action command extension for command notice
[2026-08-21 12:45:30Z INFO ActionCommandManager] Register action command extension for command debug
[2026-08-21 12:45:30Z INFO ActionCommandManager] Register action command extension for command group
[2026-08-21 12:45:30Z INFO ActionCommandManager] Register action command extension for command endgroup
[2026-08-21 12:45:30Z INFO ActionCommandManager] Register action command extension for command echo
[2026-08-21 12:45:30Z INFO ScriptHandler] Which2: 'powershell'
[2026-08-21 12:45:30Z INFO ScriptHandler] Location: 'C:\Windows\System32\WindowsPowerShell\v1.0\powershell.EXE'
[2026-08-21 12:45:30Z INFO HostContext] Well known directory 'Bin': 'D:\Remote-Learning---LUMER\Remote-Learning-LUMER\actions-runner\bin'
[2026-08-21 12:45:30Z INFO HostContext] Well known directory 'Root': 'D:\Remote-Learning---LUMER\Remote-Learning-LUMER\actions-runner'
[2026-08-21 12:45:30Z INFO HostContext] Well known directory 'Work': 'D:\Remote-Learning---LUMER\Remote-Learning-LUMER\actions-runner\_work'
[2026-08-21 12:45:30Z INFO HostContext] Well known directory 'Temp': 'D:\Remote-Learning---LUMER\Remote-Learning-LUMER\actions-runner\_work\_temp'
[2026-08-21 12:45:30Z INFO ScriptHandler] Which2: 'powershell'
[2026-08-21 12:45:30Z INFO ScriptHandler] Location: 'C:\Windows\System32\WindowsPowerShell\v1.0\powershell.EXE'
[2026-08-21 12:45:30Z INFO ProcessInvokerWrapper] Starting process:
[2026-08-21 12:45:30Z INFO ProcessInvokerWrapper]   File name: 'C:\Windows\System32\WindowsPowerShell\v1.0\powershell.EXE'
[2026-08-21 12:45:30Z INFO ProcessInvokerWrapper]   Arguments: '-command ". 'D:\Remote-Learning---LUMER\Remote-Learning-LUMER\actions-runner\_work\_temp\f6eb71cf-1a6f-4859-9f33-5e5c865ce4b2.ps1'"'
[2026-08-21 12:45:30Z INFO ProcessInvokerWrapper]   Working directory: 'D:\Remote-Learning---LUMER\Remote-Learning-LUMER\actions-runner\_work\TestK8s\TestK8s'
[2026-08-21 12:45:30Z INFO ProcessInvokerWrapper]   Require exit code zero: 'False'
[2026-08-21 12:45:30Z INFO ProcessInvokerWrapper]   Encoding web name:  ; code page: ''
[2026-08-21 12:45:30Z INFO ProcessInvokerWrapper]   Force kill process on cancellation: 'False'
[2026-08-21 12:45:30Z INFO ProcessInvokerWrapper]   Redirected STDIN: 'False'
[2026-08-21 12:45:30Z INFO ProcessInvokerWrapper]   Persist current code page: 'True'
[2026-08-21 12:45:30Z INFO ProcessInvokerWrapper]   Keep redirected STDIN open: 'False'
[2026-08-21 12:45:30Z INFO ProcessInvokerWrapper]   High priority process: 'False'
[2026-08-21 12:45:30Z INFO ProcessInvokerWrapper] Process started with process id 8772, waiting for process exit.
[2026-08-21 12:45:30Z INFO JobServerQueue] Got a step log file to send to results service.
[2026-08-21 12:45:30Z INFO JobServerQueue] Starting upload of step log file to results service ResultsLog, D:\Remote-Learning---LUMER\Remote-Learning-LUMER\actions-runner\_diag\blocks\f9f8b513-01ba-4479-94d4-dbd64730652a_cfa0d653-7ba5-4da5-a047-b8c197d82816.1
[2026-08-21 12:45:30Z INFO JobServerQueue] Try to append 1 batches web console lines for record '79cd53c2-465c-4191-b276-85a2278a6f48', success rate: 1/1.
[2026-08-21 12:45:31Z INFO JobServerQueue] Try to append 1 batches web console lines for record '79cd53c2-465c-4191-b276-85a2278a6f48', success rate: 1/1.
[2026-08-21 12:45:31Z INFO ProcessInvokerWrapper] STDOUT/STDERR stream read finished.
[2026-08-21 12:45:31Z INFO ProcessInvokerWrapper] STDOUT/STDERR stream read finished.
[2026-08-21 12:45:31Z INFO ProcessInvokerWrapper] Finished process 8772 with exit code 0, and elapsed time 00:00:00.7183913.
[2026-08-21 12:45:31Z INFO CreateStepSummaryCommand] Step Summary file (D:\Remote-Learning---LUMER\Remote-Learning-LUMER\actions-runner\_work\_temp\_runner_file_commands\step_summary_a3bf5362-7149-4c31-9cfb-4cfda8be7cda) is empty; skipping attachment upload
[2026-08-21 12:45:31Z INFO StepsRunner] Step result: 
[2026-08-21 12:45:31Z INFO ExecutionContext] Publish step telemetry for current step {
  "action": "powershell",
  "type": "run",
  "stage": "Main",
  "stepId": "79cd53c2-465c-4191-b276-85a2278a6f48",
  "stepContextName": "__run_4",
  "result": "succeeded",
  "errorMessages": [],
  "executionTimeInSeconds": 1,
  "startTime": "2026-08-21T12:45:30.7378882Z",
  "finishTime": "2026-08-21T12:45:31.500941Z"
}.
[2026-08-21 12:45:31Z INFO StepsRunner] No need for updating job result with current step result 'Succeeded'.
[2026-08-21 12:45:31Z INFO StepsRunner] Current state: job state = ''
[2026-08-21 12:45:31Z INFO StepsRunner] Processing step: DisplayName='Wait for Deployments'
[2026-08-21 12:45:31Z INFO StepsRunner] Evaluating: success()
[2026-08-21 12:45:31Z INFO StepsRunner] Result: true
[2026-08-21 12:45:31Z INFO StepsRunner] Starting the step.
[2026-08-21 12:45:31Z INFO HostContext] Well known directory 'Bin': 'D:\Remote-Learning---LUMER\Remote-Learning-LUMER\actions-runner\bin'
[2026-08-21 12:45:31Z INFO HostContext] Well known directory 'Root': 'D:\Remote-Learning---LUMER\Remote-Learning-LUMER\actions-runner'
[2026-08-21 12:45:31Z INFO HostContext] Well known directory 'Work': 'D:\Remote-Learning---LUMER\Remote-Learning-LUMER\actions-runner\_work'
[2026-08-21 12:45:31Z INFO StepsRunner] Which2: 'chcp'
[2026-08-21 12:45:31Z INFO StepsRunner] Location: 'C:\Windows\system32\chcp.COM'
[2026-08-21 12:45:31Z INFO ProcessInvokerWrapper] Starting process:
[2026-08-21 12:45:31Z INFO ProcessInvokerWrapper]   File name: 'C:\Windows\system32\chcp.COM'
[2026-08-21 12:45:31Z INFO ProcessInvokerWrapper]   Arguments: '65001'
[2026-08-21 12:45:31Z INFO ProcessInvokerWrapper]   Working directory: 'D:\Remote-Learning---LUMER\Remote-Learning-LUMER\actions-runner\_work'
[2026-08-21 12:45:31Z INFO ProcessInvokerWrapper]   Require exit code zero: 'False'
[2026-08-21 12:45:31Z INFO ProcessInvokerWrapper]   Encoding web name:  ; code page: ''
[2026-08-21 12:45:31Z INFO ProcessInvokerWrapper]   Force kill process on cancellation: 'False'
[2026-08-21 12:45:31Z INFO ProcessInvokerWrapper]   Redirected STDIN: 'False'
[2026-08-21 12:45:31Z INFO ProcessInvokerWrapper]   Persist current code page: 'True'
[2026-08-21 12:45:31Z INFO ProcessInvokerWrapper]   Keep redirected STDIN open: 'False'
[2026-08-21 12:45:31Z INFO ProcessInvokerWrapper]   High priority process: 'False'
[2026-08-21 12:45:31Z INFO ProcessInvokerWrapper] Process started with process id 18168, waiting for process exit.
[2026-08-21 12:45:31Z INFO JobServerQueue] Try to upload 2 log files or attachments, success rate: 2/2.
[2026-08-21 12:45:31Z INFO ProcessInvokerWrapper] STDOUT/STDERR stream read finished.
[2026-08-21 12:45:31Z INFO ProcessInvokerWrapper] STDOUT/STDERR stream read finished.
[2026-08-21 12:45:31Z INFO ProcessInvokerWrapper] Finished process 18168 with exit code 0, and elapsed time 00:00:00.0320822.
[2026-08-21 12:45:31Z INFO StepsRunner] Successfully returned to code page 65001 (UTF8)
[2026-08-21 12:45:31Z INFO HostContext] Well known directory 'Bin': 'D:\Remote-Learning---LUMER\Remote-Learning-LUMER\actions-runner\bin'
[2026-08-21 12:45:31Z INFO HostContext] Well known directory 'Root': 'D:\Remote-Learning---LUMER\Remote-Learning-LUMER\actions-runner'
[2026-08-21 12:45:31Z INFO HostContext] Well known directory 'Work': 'D:\Remote-Learning---LUMER\Remote-Learning-LUMER\actions-runner\_work'
[2026-08-21 12:45:31Z INFO HostContext] Well known directory 'Temp': 'D:\Remote-Learning---LUMER\Remote-Learning-LUMER\actions-runner\_work\_temp'
[2026-08-21 12:45:31Z INFO ExecutionContext] Write event payload to D:\Remote-Learning---LUMER\Remote-Learning-LUMER\actions-runner\_work\_temp\_github_workflow\event.json
[2026-08-21 12:45:31Z INFO HostContext] Well known directory 'Bin': 'D:\Remote-Learning---LUMER\Remote-Learning-LUMER\actions-runner\bin'
[2026-08-21 12:45:31Z INFO HostContext] Well known directory 'Root': 'D:\Remote-Learning---LUMER\Remote-Learning-LUMER\actions-runner'
[2026-08-21 12:45:31Z INFO HostContext] Well known directory 'Work': 'D:\Remote-Learning---LUMER\Remote-Learning-LUMER\actions-runner\_work'
[2026-08-21 12:45:31Z INFO HostContext] Well known directory 'Temp': 'D:\Remote-Learning---LUMER\Remote-Learning-LUMER\actions-runner\_work\_temp'
[2026-08-21 12:45:31Z INFO ExtensionManager] Getting extensions for interface: 'GitHub.Runner.Worker.IFileCommandExtension'
[2026-08-21 12:45:31Z INFO ExtensionManager] Getting extensions for interface: 'GitHub.Runner.Worker.IActionCommandExtension'
[2026-08-21 12:45:31Z INFO ActionCommandManager] Register action command extension for command internal-set-repo-path
[2026-08-21 12:45:31Z INFO ActionCommandManager] Register action command extension for command set-env
[2026-08-21 12:45:31Z INFO ActionCommandManager] Register action command extension for command set-output
[2026-08-21 12:45:31Z INFO ActionCommandManager] Register action command extension for command save-state
[2026-08-21 12:45:31Z INFO ActionCommandManager] Register action command extension for command add-path
[2026-08-21 12:45:31Z INFO ActionCommandManager] Register action command extension for command add-mask
[2026-08-21 12:45:31Z INFO ActionCommandManager] Register action command extension for command add-matcher
[2026-08-21 12:45:31Z INFO ActionCommandManager] Register action command extension for command remove-matcher
[2026-08-21 12:45:31Z INFO ActionCommandManager] Register action command extension for command warning
[2026-08-21 12:45:31Z INFO ActionCommandManager] Register action command extension for command error
[2026-08-21 12:45:31Z INFO ActionCommandManager] Register action command extension for command notice
[2026-08-21 12:45:31Z INFO ActionCommandManager] Register action command extension for command debug
[2026-08-21 12:45:31Z INFO ActionCommandManager] Register action command extension for command group
[2026-08-21 12:45:31Z INFO ActionCommandManager] Register action command extension for command endgroup
[2026-08-21 12:45:31Z INFO ActionCommandManager] Register action command extension for command echo
[2026-08-21 12:45:31Z INFO ScriptHandler] Which2: 'powershell'
[2026-08-21 12:45:31Z INFO ScriptHandler] Location: 'C:\Windows\System32\WindowsPowerShell\v1.0\powershell.EXE'
[2026-08-21 12:45:31Z INFO HostContext] Well known directory 'Bin': 'D:\Remote-Learning---LUMER\Remote-Learning-LUMER\actions-runner\bin'
[2026-08-21 12:45:31Z INFO HostContext] Well known directory 'Root': 'D:\Remote-Learning---LUMER\Remote-Learning-LUMER\actions-runner'
[2026-08-21 12:45:31Z INFO HostContext] Well known directory 'Work': 'D:\Remote-Learning---LUMER\Remote-Learning-LUMER\actions-runner\_work'
[2026-08-21 12:45:31Z INFO HostContext] Well known directory 'Temp': 'D:\Remote-Learning---LUMER\Remote-Learning-LUMER\actions-runner\_work\_temp'
[2026-08-21 12:45:31Z INFO ScriptHandler] Which2: 'powershell'
[2026-08-21 12:45:31Z INFO ScriptHandler] Location: 'C:\Windows\System32\WindowsPowerShell\v1.0\powershell.EXE'
[2026-08-21 12:45:31Z INFO ProcessInvokerWrapper] Starting process:
[2026-08-21 12:45:31Z INFO ProcessInvokerWrapper]   File name: 'C:\Windows\System32\WindowsPowerShell\v1.0\powershell.EXE'
[2026-08-21 12:45:31Z INFO ProcessInvokerWrapper]   Arguments: '-command ". 'D:\Remote-Learning---LUMER\Remote-Learning-LUMER\actions-runner\_work\_temp\df4454d9-e363-4fa5-8268-b0d1abae21b1.ps1'"'
[2026-08-21 12:45:31Z INFO ProcessInvokerWrapper]   Working directory: 'D:\Remote-Learning---LUMER\Remote-Learning-LUMER\actions-runner\_work\TestK8s\TestK8s'
[2026-08-21 12:45:31Z INFO ProcessInvokerWrapper]   Require exit code zero: 'False'
[2026-08-21 12:45:31Z INFO ProcessInvokerWrapper]   Encoding web name:  ; code page: ''
[2026-08-21 12:45:31Z INFO ProcessInvokerWrapper]   Force kill process on cancellation: 'False'
[2026-08-21 12:45:31Z INFO ProcessInvokerWrapper]   Redirected STDIN: 'False'
[2026-08-21 12:45:31Z INFO ProcessInvokerWrapper]   Persist current code page: 'True'
[2026-08-21 12:45:31Z INFO ProcessInvokerWrapper]   Keep redirected STDIN open: 'False'
[2026-08-21 12:45:31Z INFO ProcessInvokerWrapper]   High priority process: 'False'
[2026-08-21 12:45:31Z INFO ProcessInvokerWrapper] Process started with process id 14036, waiting for process exit.
[2026-08-21 12:45:31Z INFO JobServerQueue] Try to append 1 batches web console lines for record '43bae11c-2115-46f3-8e59-8cb006fb9a60', success rate: 1/1.
[2026-08-21 12:45:31Z INFO JobServerQueue] Got a step log file to send to results service.
[2026-08-21 12:45:31Z INFO JobServerQueue] Starting upload of step log file to results service ResultsLog, D:\Remote-Learning---LUMER\Remote-Learning-LUMER\actions-runner\_diag\blocks\f9f8b513-01ba-4479-94d4-dbd64730652a_8c07e95f-86eb-4a93-8525-aaf07e84830a.1
[2026-08-21 12:45:32Z INFO JobServerQueue] Try to append 1 batches web console lines for record '43bae11c-2115-46f3-8e59-8cb006fb9a60', success rate: 1/1.
[2026-08-21 12:45:32Z INFO JobServerQueue] Tried to upload 2 file(s) to results, success rate: 2/2.
[2026-08-21 12:45:33Z INFO JobServerQueue] Got a step log file to send to results service.
[2026-08-21 12:45:33Z INFO JobServerQueue] Starting upload of step log file to results service ResultsLog, D:\Remote-Learning---LUMER\Remote-Learning-LUMER\actions-runner\_diag\blocks\f9f8b513-01ba-4479-94d4-dbd64730652a_79cd53c2-465c-4191-b276-85a2278a6f48.1
[2026-08-21 12:45:34Z INFO JobServerQueue] Try to append 1 batches web console lines for record '43bae11c-2115-46f3-8e59-8cb006fb9a60', success rate: 1/1.
[2026-08-21 12:45:34Z INFO JobServerQueue] Try to append 1 batches web console lines for record '43bae11c-2115-46f3-8e59-8cb006fb9a60', success rate: 1/1.
[2026-08-21 12:45:34Z INFO JobServerQueue] Tried to upload 1 file(s) to results, success rate: 1/1.
[2026-08-21 12:45:34Z INFO JobServerQueue] Try to append 1 batches web console lines for record '43bae11c-2115-46f3-8e59-8cb006fb9a60', success rate: 1/1.
[2026-08-21 12:45:34Z INFO JobServerQueue] Try to append 1 batches web console lines for record '43bae11c-2115-46f3-8e59-8cb006fb9a60', success rate: 1/1.
[2026-08-21 12:45:40Z INFO HostContext] Well known directory 'Bin': 'D:\Remote-Learning---LUMER\Remote-Learning-LUMER\actions-runner\bin'
[2026-08-21 12:45:40Z INFO HostContext] Well known directory 'Root': 'D:\Remote-Learning---LUMER\Remote-Learning-LUMER\actions-runner'
[2026-08-21 12:45:40Z INFO HostContext] Well known directory 'Work': 'D:\Remote-Learning---LUMER\Remote-Learning-LUMER\actions-runner\_work'
[2026-08-21 12:45:45Z INFO JobServerQueue] Try to append 1 batches web console lines for record '43bae11c-2115-46f3-8e59-8cb006fb9a60', success rate: 1/1.
[2026-08-21 12:45:50Z INFO HostContext] Well known directory 'Bin': 'D:\Remote-Learning---LUMER\Remote-Learning-LUMER\actions-runner\bin'
[2026-08-21 12:45:50Z INFO HostContext] Well known directory 'Root': 'D:\Remote-Learning---LUMER\Remote-Learning-LUMER\actions-runner'
[2026-08-21 12:45:50Z INFO HostContext] Well known directory 'Work': 'D:\Remote-Learning---LUMER\Remote-Learning-LUMER\actions-runner\_work'
[2026-08-21 12:45:53Z INFO JobServerQueue] Try to append 1 batches web console lines for record '43bae11c-2115-46f3-8e59-8cb006fb9a60', success rate: 1/1.
[2026-08-21 12:45:53Z INFO ProcessInvokerWrapper] STDOUT/STDERR stream read finished.
[2026-08-21 12:45:53Z INFO ProcessInvokerWrapper] STDOUT/STDERR stream read finished.
[2026-08-21 12:45:53Z INFO ProcessInvokerWrapper] Finished process 14036 with exit code 0, and elapsed time 00:00:21.6613842.
[2026-08-21 12:45:53Z INFO CreateStepSummaryCommand] Step Summary file (D:\Remote-Learning---LUMER\Remote-Learning-LUMER\actions-runner\_work\_temp\_runner_file_commands\step_summary_dd8d11f7-e33e-4f61-8ba9-3ca5c08a91e0) is empty; skipping attachment upload
[2026-08-21 12:45:53Z INFO StepsRunner] Step result: 
[2026-08-21 12:45:53Z INFO ExecutionContext] Publish step telemetry for current step {
  "action": "powershell",
  "type": "run",
  "stage": "Main",
  "stepId": "43bae11c-2115-46f3-8e59-8cb006fb9a60",
  "stepContextName": "__run_5",
  "result": "succeeded",
  "errorMessages": [],
  "executionTimeInSeconds": 22,
  "startTime": "2026-08-21T12:45:31.5021836Z",
  "finishTime": "2026-08-21T12:45:53.2215401Z"
}.
[2026-08-21 12:45:53Z INFO StepsRunner] No need for updating job result with current step result 'Succeeded'.
[2026-08-21 12:45:53Z INFO StepsRunner] Current state: job state = ''
[2026-08-21 12:45:53Z INFO StepsRunner] Processing step: DisplayName='Check Final Status'
[2026-08-21 12:45:53Z INFO StepsRunner] Evaluating: success()
[2026-08-21 12:45:53Z INFO StepsRunner] Result: true
[2026-08-21 12:45:53Z INFO StepsRunner] Starting the step.
[2026-08-21 12:45:53Z INFO HostContext] Well known directory 'Bin': 'D:\Remote-Learning---LUMER\Remote-Learning-LUMER\actions-runner\bin'
[2026-08-21 12:45:53Z INFO HostContext] Well known directory 'Root': 'D:\Remote-Learning---LUMER\Remote-Learning-LUMER\actions-runner'
[2026-08-21 12:45:53Z INFO HostContext] Well known directory 'Work': 'D:\Remote-Learning---LUMER\Remote-Learning-LUMER\actions-runner\_work'
[2026-08-21 12:45:53Z INFO StepsRunner] Which2: 'chcp'
[2026-08-21 12:45:53Z INFO StepsRunner] Location: 'C:\Windows\system32\chcp.COM'
[2026-08-21 12:45:53Z INFO ProcessInvokerWrapper] Starting process:
[2026-08-21 12:45:53Z INFO ProcessInvokerWrapper]   File name: 'C:\Windows\system32\chcp.COM'
[2026-08-21 12:45:53Z INFO ProcessInvokerWrapper]   Arguments: '65001'
[2026-08-21 12:45:53Z INFO ProcessInvokerWrapper]   Working directory: 'D:\Remote-Learning---LUMER\Remote-Learning-LUMER\actions-runner\_work'
[2026-08-21 12:45:53Z INFO ProcessInvokerWrapper]   Require exit code zero: 'False'
[2026-08-21 12:45:53Z INFO ProcessInvokerWrapper]   Encoding web name:  ; code page: ''
[2026-08-21 12:45:53Z INFO ProcessInvokerWrapper]   Force kill process on cancellation: 'False'
[2026-08-21 12:45:53Z INFO ProcessInvokerWrapper]   Redirected STDIN: 'False'
[2026-08-21 12:45:53Z INFO ProcessInvokerWrapper]   Persist current code page: 'True'
[2026-08-21 12:45:53Z INFO ProcessInvokerWrapper]   Keep redirected STDIN open: 'False'
[2026-08-21 12:45:53Z INFO ProcessInvokerWrapper]   High priority process: 'False'
[2026-08-21 12:45:53Z INFO ProcessInvokerWrapper] Process started with process id 25820, waiting for process exit.
[2026-08-21 12:45:53Z INFO ProcessInvokerWrapper] STDOUT/STDERR stream read finished.
[2026-08-21 12:45:53Z INFO ProcessInvokerWrapper] STDOUT/STDERR stream read finished.
[2026-08-21 12:45:53Z INFO ProcessInvokerWrapper] Finished process 25820 with exit code 0, and elapsed time 00:00:00.0266568.
[2026-08-21 12:45:53Z INFO StepsRunner] Successfully returned to code page 65001 (UTF8)
[2026-08-21 12:45:53Z INFO HostContext] Well known directory 'Bin': 'D:\Remote-Learning---LUMER\Remote-Learning-LUMER\actions-runner\bin'
[2026-08-21 12:45:53Z INFO HostContext] Well known directory 'Root': 'D:\Remote-Learning---LUMER\Remote-Learning-LUMER\actions-runner'
[2026-08-21 12:45:53Z INFO HostContext] Well known directory 'Work': 'D:\Remote-Learning---LUMER\Remote-Learning-LUMER\actions-runner\_work'
[2026-08-21 12:45:53Z INFO HostContext] Well known directory 'Temp': 'D:\Remote-Learning---LUMER\Remote-Learning-LUMER\actions-runner\_work\_temp'
[2026-08-21 12:45:53Z INFO ExecutionContext] Write event payload to D:\Remote-Learning---LUMER\Remote-Learning-LUMER\actions-runner\_work\_temp\_github_workflow\event.json
[2026-08-21 12:45:53Z INFO HostContext] Well known directory 'Bin': 'D:\Remote-Learning---LUMER\Remote-Learning-LUMER\actions-runner\bin'
[2026-08-21 12:45:53Z INFO HostContext] Well known directory 'Root': 'D:\Remote-Learning---LUMER\Remote-Learning-LUMER\actions-runner'
[2026-08-21 12:45:53Z INFO HostContext] Well known directory 'Work': 'D:\Remote-Learning---LUMER\Remote-Learning-LUMER\actions-runner\_work'
[2026-08-21 12:45:53Z INFO HostContext] Well known directory 'Temp': 'D:\Remote-Learning---LUMER\Remote-Learning-LUMER\actions-runner\_work\_temp'
[2026-08-21 12:45:53Z INFO ExtensionManager] Getting extensions for interface: 'GitHub.Runner.Worker.IFileCommandExtension'
[2026-08-21 12:45:53Z INFO ExtensionManager] Getting extensions for interface: 'GitHub.Runner.Worker.IActionCommandExtension'
[2026-08-21 12:45:53Z INFO ActionCommandManager] Register action command extension for command internal-set-repo-path
[2026-08-21 12:45:53Z INFO ActionCommandManager] Register action command extension for command set-env
[2026-08-21 12:45:53Z INFO ActionCommandManager] Register action command extension for command set-output
[2026-08-21 12:45:53Z INFO ActionCommandManager] Register action command extension for command save-state
[2026-08-21 12:45:53Z INFO ActionCommandManager] Register action command extension for command add-path
[2026-08-21 12:45:53Z INFO ActionCommandManager] Register action command extension for command add-mask
[2026-08-21 12:45:53Z INFO ActionCommandManager] Register action command extension for command add-matcher
[2026-08-21 12:45:53Z INFO ActionCommandManager] Register action command extension for command remove-matcher
[2026-08-21 12:45:53Z INFO ActionCommandManager] Register action command extension for command warning
[2026-08-21 12:45:53Z INFO ActionCommandManager] Register action command extension for command error
[2026-08-21 12:45:53Z INFO ActionCommandManager] Register action command extension for command notice
[2026-08-21 12:45:53Z INFO ActionCommandManager] Register action command extension for command debug
[2026-08-21 12:45:53Z INFO ActionCommandManager] Register action command extension for command group
[2026-08-21 12:45:53Z INFO ActionCommandManager] Register action command extension for command endgroup
[2026-08-21 12:45:53Z INFO ActionCommandManager] Register action command extension for command echo
[2026-08-21 12:45:53Z INFO ScriptHandler] Which2: 'powershell'
[2026-08-21 12:45:53Z INFO ScriptHandler] Location: 'C:\Windows\System32\WindowsPowerShell\v1.0\powershell.EXE'
[2026-08-21 12:45:53Z INFO HostContext] Well known directory 'Bin': 'D:\Remote-Learning---LUMER\Remote-Learning-LUMER\actions-runner\bin'
[2026-08-21 12:45:53Z INFO HostContext] Well known directory 'Root': 'D:\Remote-Learning---LUMER\Remote-Learning-LUMER\actions-runner'
[2026-08-21 12:45:53Z INFO HostContext] Well known directory 'Work': 'D:\Remote-Learning---LUMER\Remote-Learning-LUMER\actions-runner\_work'
[2026-08-21 12:45:53Z INFO HostContext] Well known directory 'Temp': 'D:\Remote-Learning---LUMER\Remote-Learning-LUMER\actions-runner\_work\_temp'
[2026-08-21 12:45:53Z INFO ScriptHandler] Which2: 'powershell'
[2026-08-21 12:45:53Z INFO ScriptHandler] Location: 'C:\Windows\System32\WindowsPowerShell\v1.0\powershell.EXE'
[2026-08-21 12:45:53Z INFO ProcessInvokerWrapper] Starting process:
[2026-08-21 12:45:53Z INFO ProcessInvokerWrapper]   File name: 'C:\Windows\System32\WindowsPowerShell\v1.0\powershell.EXE'
[2026-08-21 12:45:53Z INFO ProcessInvokerWrapper]   Arguments: '-command ". 'D:\Remote-Learning---LUMER\Remote-Learning-LUMER\actions-runner\_work\_temp\c5a1445f-e3f8-406d-9cae-9ac3570a0fc3.ps1'"'
[2026-08-21 12:45:53Z INFO ProcessInvokerWrapper]   Working directory: 'D:\Remote-Learning---LUMER\Remote-Learning-LUMER\actions-runner\_work\TestK8s\TestK8s'
[2026-08-21 12:45:53Z INFO ProcessInvokerWrapper]   Require exit code zero: 'False'
[2026-08-21 12:45:53Z INFO ProcessInvokerWrapper]   Encoding web name:  ; code page: ''
[2026-08-21 12:45:53Z INFO ProcessInvokerWrapper]   Force kill process on cancellation: 'False'
[2026-08-21 12:45:53Z INFO ProcessInvokerWrapper]   Redirected STDIN: 'False'
[2026-08-21 12:45:53Z INFO ProcessInvokerWrapper]   Persist current code page: 'True'
[2026-08-21 12:45:53Z INFO ProcessInvokerWrapper]   Keep redirected STDIN open: 'False'
[2026-08-21 12:45:53Z INFO ProcessInvokerWrapper]   High priority process: 'False'
[2026-08-21 12:45:53Z INFO ProcessInvokerWrapper] Process started with process id 24452, waiting for process exit.
[2026-08-21 12:45:53Z INFO JobServerQueue] Try to append 1 batches web console lines for record '208b0088-7a49-4df5-8e68-8dd290517248', success rate: 1/1.
[2026-08-21 12:45:53Z INFO JobServerQueue] Try to upload 1 log files or attachments, success rate: 1/1.
[2026-08-21 12:45:53Z INFO JobServerQueue] Try to append 1 batches web console lines for record '208b0088-7a49-4df5-8e68-8dd290517248', success rate: 1/1.
[2026-08-21 12:45:53Z INFO JobServerQueue] Got a step log file to send to results service.
[2026-08-21 12:45:53Z INFO JobServerQueue] Starting upload of step log file to results service ResultsLog, D:\Remote-Learning---LUMER\Remote-Learning-LUMER\actions-runner\_diag\blocks\f9f8b513-01ba-4479-94d4-dbd64730652a_43bae11c-2115-46f3-8e59-8cb006fb9a60.1
[2026-08-21 12:45:53Z INFO ProcessInvokerWrapper] STDOUT/STDERR stream read finished.
[2026-08-21 12:45:53Z INFO ProcessInvokerWrapper] STDOUT/STDERR stream read finished.
[2026-08-21 12:45:53Z INFO ProcessInvokerWrapper] Finished process 24452 with exit code 0, and elapsed time 00:00:00.6719778.
[2026-08-21 12:45:53Z INFO CreateStepSummaryCommand] Step Summary file (D:\Remote-Learning---LUMER\Remote-Learning-LUMER\actions-runner\_work\_temp\_runner_file_commands\step_summary_abde1854-19c0-43cb-95ce-12b66035f82f) is empty; skipping attachment upload
[2026-08-21 12:45:53Z INFO StepsRunner] Step result: 
[2026-08-21 12:45:53Z INFO ExecutionContext] Publish step telemetry for current step {
  "action": "powershell",
  "type": "run",
  "stage": "Main",
  "stepId": "208b0088-7a49-4df5-8e68-8dd290517248",
  "stepContextName": "__run_6",
  "result": "succeeded",
  "errorMessages": [],
  "executionTimeInSeconds": 1,
  "startTime": "2026-08-21T12:45:53.2231549Z",
  "finishTime": "2026-08-21T12:45:53.9407843Z"
}.
[2026-08-21 12:45:53Z INFO StepsRunner] No need for updating job result with current step result 'Succeeded'.
[2026-08-21 12:45:53Z INFO StepsRunner] Current state: job state = ''
[2026-08-21 12:45:53Z INFO StepsRunner] Processing step: DisplayName='Post Checkout Code'
[2026-08-21 12:45:53Z INFO StepsRunner] Evaluating: always()
[2026-08-21 12:45:53Z INFO StepsRunner] Result: true
[2026-08-21 12:45:53Z INFO StepsRunner] Starting the step.
[2026-08-21 12:45:53Z INFO HostContext] Well known directory 'Bin': 'D:\Remote-Learning---LUMER\Remote-Learning-LUMER\actions-runner\bin'
[2026-08-21 12:45:53Z INFO HostContext] Well known directory 'Root': 'D:\Remote-Learning---LUMER\Remote-Learning-LUMER\actions-runner'
[2026-08-21 12:45:53Z INFO HostContext] Well known directory 'Work': 'D:\Remote-Learning---LUMER\Remote-Learning-LUMER\actions-runner\_work'
[2026-08-21 12:45:53Z INFO StepsRunner] Which2: 'chcp'
[2026-08-21 12:45:53Z INFO StepsRunner] Location: 'C:\Windows\system32\chcp.COM'
[2026-08-21 12:45:53Z INFO ProcessInvokerWrapper] Starting process:
[2026-08-21 12:45:53Z INFO ProcessInvokerWrapper]   File name: 'C:\Windows\system32\chcp.COM'
[2026-08-21 12:45:53Z INFO ProcessInvokerWrapper]   Arguments: '65001'
[2026-08-21 12:45:53Z INFO ProcessInvokerWrapper]   Working directory: 'D:\Remote-Learning---LUMER\Remote-Learning-LUMER\actions-runner\_work'
[2026-08-21 12:45:53Z INFO ProcessInvokerWrapper]   Require exit code zero: 'False'
[2026-08-21 12:45:53Z INFO ProcessInvokerWrapper]   Encoding web name:  ; code page: ''
[2026-08-21 12:45:53Z INFO ProcessInvokerWrapper]   Force kill process on cancellation: 'False'
[2026-08-21 12:45:53Z INFO ProcessInvokerWrapper]   Redirected STDIN: 'False'
[2026-08-21 12:45:53Z INFO ProcessInvokerWrapper]   Persist current code page: 'True'
[2026-08-21 12:45:53Z INFO ProcessInvokerWrapper]   Keep redirected STDIN open: 'False'
[2026-08-21 12:45:53Z INFO ProcessInvokerWrapper]   High priority process: 'False'
[2026-08-21 12:45:53Z INFO ProcessInvokerWrapper] Process started with process id 28676, waiting for process exit.
[2026-08-21 12:45:53Z INFO ProcessInvokerWrapper] STDOUT/STDERR stream read finished.
[2026-08-21 12:45:53Z INFO ProcessInvokerWrapper] STDOUT/STDERR stream read finished.
[2026-08-21 12:45:53Z INFO ProcessInvokerWrapper] Finished process 28676 with exit code 0, and elapsed time 00:00:00.0205115.
[2026-08-21 12:45:53Z INFO StepsRunner] Successfully returned to code page 65001 (UTF8)
[2026-08-21 12:45:53Z INFO HostContext] Well known directory 'Bin': 'D:\Remote-Learning---LUMER\Remote-Learning-LUMER\actions-runner\bin'
[2026-08-21 12:45:53Z INFO HostContext] Well known directory 'Root': 'D:\Remote-Learning---LUMER\Remote-Learning-LUMER\actions-runner'
[2026-08-21 12:45:53Z INFO HostContext] Well known directory 'Work': 'D:\Remote-Learning---LUMER\Remote-Learning-LUMER\actions-runner\_work'
[2026-08-21 12:45:53Z INFO HostContext] Well known directory 'Actions': 'D:\Remote-Learning---LUMER\Remote-Learning-LUMER\actions-runner\_work\_actions'
[2026-08-21 12:45:53Z INFO ActionManager] Load action that reference repository from 'D:\Remote-Learning---LUMER\Remote-Learning-LUMER\actions-runner\_work\_actions\actions\checkout\v4'
[2026-08-21 12:45:53Z INFO HostContext] Well known directory 'Bin': 'D:\Remote-Learning---LUMER\Remote-Learning-LUMER\actions-runner\bin'
[2026-08-21 12:45:53Z INFO HostContext] Well known directory 'Root': 'D:\Remote-Learning---LUMER\Remote-Learning-LUMER\actions-runner'
[2026-08-21 12:45:53Z INFO HostContext] Well known directory 'Work': 'D:\Remote-Learning---LUMER\Remote-Learning-LUMER\actions-runner\_work'
[2026-08-21 12:45:53Z INFO HostContext] Well known directory 'Actions': 'D:\Remote-Learning---LUMER\Remote-Learning-LUMER\actions-runner\_work\_actions'
[2026-08-21 12:45:53Z INFO ActionManifestManagerLegacy] Loaded action.yml file: {
  "name": "Checkout",
  "description": "Checkout a Git repository at a particular version",
  "inputs": {
    "type": 2,
    "map": [
      {
        "key": {
          "type": 0,
          "file": 2,
          "line": 4,
          "col": 3,
          "lit": "repository"
        },
        "value": {
          "type": 3,
          "file": 2,
          "line": 6,
          "col": 14,
          "expr": "github.repository"
        }
      },
      {
        "key": {
          "type": 0,
          "file": 2,
          "line": 7,
          "col": 3,
          "lit": "ref"
        },
        "value": ""
      },
      {
        "key": {
          "type": 0,
          "file": 2,
          "line": 12,
          "col": 3,
          "lit": "token"
        },
        "value": {
          "type": 3,
          "file": 2,
          "line": 24,
          "col": 14,
          "expr": "github.token"
        }
      },
      {
        "key": {
          "type": 0,
          "file": 2,
          "line": 25,
          "col": 3,
          "lit": "ssh-key"
        },
        "value": ""
      },
      {
        "key": {
          "type": 0,
          "file": 2,
          "line": 37,
          "col": 3,
          "lit": "ssh-known-hosts"
        },
        "value": ""
      },
      {
        "key": {
          "type": 0,
          "file": 2,
          "line": 42,
          "col": 3,
          "lit": "ssh-strict"
        },
        "value": {
          "type": 0,
          "file": 2,
          "line": 47,
          "col": 14,
          "lit": "true"
        }
      },
      {
        "key": {
          "type": 0,
          "file": 2,
          "line": 48,
          "col": 3,
          "lit": "ssh-user"
        },
        "value": {
          "type": 0,
          "file": 2,
          "line": 51,
          "col": 14,
          "lit": "git"
        }
      },
      {
        "key": {
          "type": 0,
          "file": 2,
          "line": 52,
          "col": 3,
          "lit": "persist-credentials"
        },
        "value": {
          "type": 0,
          "file": 2,
          "line": 54,
          "col": 14,
          "lit": "true"
        }
      },
      {
        "key": {
          "type": 0,
          "file": 2,
          "line": 55,
          "col": 3,
          "lit": "path"
        },
        "value": ""
      },
      {
        "key": {
          "type": 0,
          "file": 2,
          "line": 57,
          "col": 3,
          "lit": "clean"
        },
        "value": {
          "type": 0,
          "file": 2,
          "line": 59,
          "col": 14,
          "lit": "true"
        }
      },
      {
        "key": {
          "type": 0,
          "file": 2,
          "line": 60,
          "col": 3,
          "lit": "filter"
        },
        "value": {
          "type": 0,
          "file": 2,
          "line": 64,
          "col": 14,
          "lit": ""
        }
      },
      {
        "key": {
          "type": 0,
          "file": 2,
          "line": 65,
          "col": 3,
          "lit": "sparse-checkout"
        },
        "value": {
          "type": 0,
          "file": 2,
          "line": 69,
          "col": 14,
          "lit": ""
        }
      },
      {
        "key": {
          "type": 0,
          "file": 2,
          "line": 70,
          "col": 3,
          "lit": "sparse-checkout-cone-mode"
        },
        "value": {
          "type": 0,
          "file": 2,
          "line": 73,
          "col": 14,
          "lit": "true"
        }
      },
      {
        "key": {
          "type": 0,
          "file": 2,
          "line": 74,
          "col": 3,
          "lit": "fetch-depth"
        },
        "value": {
          "type": 0,
          "file": 2,
          "line": 76,
          "col": 14,
          "lit": "1"
        }
      },
      {
        "key": {
          "type": 0,
          "file": 2,
          "line": 77,
          "col": 3,
          "lit": "fetch-tags"
        },
        "value": {
          "type": 0,
          "file": 2,
          "line": 79,
          "col": 14,
          "lit": "false"
        }
      },
      {
        "key": {
          "type": 0,
          "file": 2,
          "line": 80,
          "col": 3,
          "lit": "show-progress"
        },
        "value": {
          "type": 0,
          "file": 2,
          "line": 82,
          "col": 14,
          "lit": "true"
        }
      },
      {
        "key": {
          "type": 0,
          "file": 2,
          "line": 83,
          "col": 3,
          "lit": "lfs"
        },
        "value": {
          "type": 0,
          "file": 2,
          "line": 85,
          "col": 14,
          "lit": "false"
        }
      },
      {
        "key": {
          "type": 0,
          "file": 2,
          "line": 86,
          "col": 3,
          "lit": "submodules"
        },
        "value": {
          "type": 0,
          "file": 2,
          "line": 94,
          "col": 14,
          "lit": "false"
        }
      },
      {
        "key": {
          "type": 0,
          "file": 2,
          "line": 95,
          "col": 3,
          "lit": "set-safe-directory"
        },
        "value": {
          "type": 0,
          "file": 2,
          "line": 97,
          "col": 14,
          "lit": "true"
        }
      },
      {
        "key": {
          "type": 0,
          "file": 2,
          "line": 98,
          "col": 3,
          "lit": "github-server-url"
        },
        "value": ""
      },
      {
        "key": {
          "type": 0,
          "file": 2,
          "line": 101,
          "col": 3,
          "lit": "allow-unsafe-pr-checkout"
        },
        "value": {
          "type": 0,
          "file": 2,
          "line": 109,
          "col": 14,
          "lit": "false"
        }
      }
    ]
  },
  "execution": {
    "executionType": "nodeJS",
    "hasPre": false,
    "hasPost": true,
    "script": "dist/index.js",
    "pre": null,
    "post": "dist/index.js",
    "nodeVersion": "node20",
    "cleanupCondition": "always()",
    "initCondition": "always()"
  },
  "deprecated": null
}
[2026-08-21 12:45:53Z INFO ActionManager] Action pre node.js file: N/A.
[2026-08-21 12:45:53Z INFO ActionManager] Action node.js file: dist/index.js.
[2026-08-21 12:45:53Z INFO ActionManager] Action post node.js file: dist/index.js.
[2026-08-21 12:45:53Z INFO HostContext] Well known directory 'Bin': 'D:\Remote-Learning---LUMER\Remote-Learning-LUMER\actions-runner\bin'
[2026-08-21 12:45:53Z INFO HostContext] Well known directory 'Root': 'D:\Remote-Learning---LUMER\Remote-Learning-LUMER\actions-runner'
[2026-08-21 12:45:53Z INFO HostContext] Well known directory 'Work': 'D:\Remote-Learning---LUMER\Remote-Learning-LUMER\actions-runner\_work'
[2026-08-21 12:45:53Z INFO HostContext] Well known directory 'Temp': 'D:\Remote-Learning---LUMER\Remote-Learning-LUMER\actions-runner\_work\_temp'
[2026-08-21 12:45:53Z INFO ExecutionContext] Write event payload to D:\Remote-Learning---LUMER\Remote-Learning-LUMER\actions-runner\_work\_temp\_github_workflow\event.json
[2026-08-21 12:45:53Z INFO HostContext] Well known directory 'Bin': 'D:\Remote-Learning---LUMER\Remote-Learning-LUMER\actions-runner\bin'
[2026-08-21 12:45:53Z INFO HostContext] Well known directory 'Root': 'D:\Remote-Learning---LUMER\Remote-Learning-LUMER\actions-runner'
[2026-08-21 12:45:53Z INFO HostContext] Well known directory 'Work': 'D:\Remote-Learning---LUMER\Remote-Learning-LUMER\actions-runner\_work'
[2026-08-21 12:45:53Z INFO HostContext] Well known directory 'Temp': 'D:\Remote-Learning---LUMER\Remote-Learning-LUMER\actions-runner\_work\_temp'
[2026-08-21 12:45:53Z INFO ExtensionManager] Getting extensions for interface: 'GitHub.Runner.Worker.IFileCommandExtension'
[2026-08-21 12:45:53Z INFO ActionManifestManagerLegacy] Input 'repository': default value evaluate result: {
  "type": 0,
  "file": 2,
  "line": 6,
  "col": 14,
  "lit": "Hieu1266/TestK8s"
}
[2026-08-21 12:45:53Z INFO ActionManifestManagerLegacy] Input 'ref': default value evaluate result: ""
[2026-08-21 12:45:53Z INFO ActionManifestManagerLegacy] Input 'token': default value evaluate result: {
  "type": 0,
  "file": 2,
  "line": 24,
  "col": 14,
  "lit": "***"
}
[2026-08-21 12:45:53Z INFO ActionManifestManagerLegacy] Input 'ssh-key': default value evaluate result: ""
[2026-08-21 12:45:53Z INFO ActionManifestManagerLegacy] Input 'ssh-known-hosts': default value evaluate result: ""
[2026-08-21 12:45:53Z INFO ActionManifestManagerLegacy] Input 'ssh-strict': default value evaluate result: {
  "type": 0,
  "file": 2,
  "line": 47,
  "col": 14,
  "lit": "true"
}
[2026-08-21 12:45:53Z INFO ActionManifestManagerLegacy] Input 'ssh-user': default value evaluate result: {
  "type": 0,
  "file": 2,
  "line": 51,
  "col": 14,
  "lit": "git"
}
[2026-08-21 12:45:53Z INFO ActionManifestManagerLegacy] Input 'persist-credentials': default value evaluate result: {
  "type": 0,
  "file": 2,
  "line": 54,
  "col": 14,
  "lit": "true"
}
[2026-08-21 12:45:53Z INFO ActionManifestManagerLegacy] Input 'path': default value evaluate result: ""
[2026-08-21 12:45:53Z INFO ActionManifestManagerLegacy] Input 'clean': default value evaluate result: {
  "type": 0,
  "file": 2,
  "line": 59,
  "col": 14,
  "lit": "true"
}
[2026-08-21 12:45:53Z INFO ActionManifestManagerLegacy] Input 'filter': default value evaluate result: {
  "type": 0,
  "file": 2,
  "line": 64,
  "col": 14,
  "lit": ""
}
[2026-08-21 12:45:53Z INFO ActionManifestManagerLegacy] Input 'sparse-checkout': default value evaluate result: {
  "type": 0,
  "file": 2,
  "line": 69,
  "col": 14,
  "lit": ""
}
[2026-08-21 12:45:53Z INFO ActionManifestManagerLegacy] Input 'sparse-checkout-cone-mode': default value evaluate result: {
  "type": 0,
  "file": 2,
  "line": 73,
  "col": 14,
  "lit": "true"
}
[2026-08-21 12:45:53Z INFO ActionManifestManagerLegacy] Input 'fetch-depth': default value evaluate result: {
  "type": 0,
  "file": 2,
  "line": 76,
  "col": 14,
  "lit": "1"
}
[2026-08-21 12:45:53Z INFO ActionManifestManagerLegacy] Input 'fetch-tags': default value evaluate result: {
  "type": 0,
  "file": 2,
  "line": 79,
  "col": 14,
  "lit": "false"
}
[2026-08-21 12:45:53Z INFO ActionManifestManagerLegacy] Input 'show-progress': default value evaluate result: {
  "type": 0,
  "file": 2,
  "line": 82,
  "col": 14,
  "lit": "true"
}
[2026-08-21 12:45:53Z INFO ActionManifestManagerLegacy] Input 'lfs': default value evaluate result: {
  "type": 0,
  "file": 2,
  "line": 85,
  "col": 14,
  "lit": "false"
}
[2026-08-21 12:45:53Z INFO ActionManifestManagerLegacy] Input 'submodules': default value evaluate result: {
  "type": 0,
  "file": 2,
  "line": 94,
  "col": 14,
  "lit": "false"
}
[2026-08-21 12:45:53Z INFO ActionManifestManagerLegacy] Input 'set-safe-directory': default value evaluate result: {
  "type": 0,
  "file": 2,
  "line": 97,
  "col": 14,
  "lit": "true"
}
[2026-08-21 12:45:53Z INFO ActionManifestManagerLegacy] Input 'github-server-url': default value evaluate result: ""
[2026-08-21 12:45:53Z INFO ActionManifestManagerLegacy] Input 'allow-unsafe-pr-checkout': default value evaluate result: {
  "type": 0,
  "file": 2,
  "line": 109,
  "col": 14,
  "lit": "false"
}
[2026-08-21 12:45:53Z INFO ExtensionManager] Getting extensions for interface: 'GitHub.Runner.Worker.IActionCommandExtension'
[2026-08-21 12:45:53Z INFO ActionCommandManager] Register action command extension for command internal-set-repo-path
[2026-08-21 12:45:53Z INFO ActionCommandManager] Register action command extension for command set-env
[2026-08-21 12:45:53Z INFO ActionCommandManager] Register action command extension for command set-output
[2026-08-21 12:45:53Z INFO ActionCommandManager] Register action command extension for command save-state
[2026-08-21 12:45:53Z INFO ActionCommandManager] Register action command extension for command add-path
[2026-08-21 12:45:53Z INFO ActionCommandManager] Register action command extension for command add-mask
[2026-08-21 12:45:53Z INFO ActionCommandManager] Register action command extension for command add-matcher
[2026-08-21 12:45:53Z INFO ActionCommandManager] Register action command extension for command remove-matcher
[2026-08-21 12:45:53Z INFO ActionCommandManager] Register action command extension for command warning
[2026-08-21 12:45:53Z INFO ActionCommandManager] Register action command extension for command error
[2026-08-21 12:45:53Z INFO ActionCommandManager] Register action command extension for command notice
[2026-08-21 12:45:53Z INFO ActionCommandManager] Register action command extension for command debug
[2026-08-21 12:45:53Z INFO ActionCommandManager] Register action command extension for command group
[2026-08-21 12:45:53Z INFO ActionCommandManager] Register action command extension for command endgroup
[2026-08-21 12:45:53Z INFO ActionCommandManager] Register action command extension for command echo
[2026-08-21 12:45:53Z INFO HostContext] Well known directory 'Bin': 'D:\Remote-Learning---LUMER\Remote-Learning-LUMER\actions-runner\bin'
[2026-08-21 12:45:53Z INFO HostContext] Well known directory 'Root': 'D:\Remote-Learning---LUMER\Remote-Learning-LUMER\actions-runner'
[2026-08-21 12:45:53Z INFO HostContext] Well known directory 'Externals': 'D:\Remote-Learning---LUMER\Remote-Learning-LUMER\actions-runner\externals'
[2026-08-21 12:45:53Z INFO ProcessInvokerWrapper] Starting process:
[2026-08-21 12:45:53Z INFO ProcessInvokerWrapper]   File name: 'D:\Remote-Learning---LUMER\Remote-Learning-LUMER\actions-runner\externals\node24\bin\node.exe'
[2026-08-21 12:45:53Z INFO ProcessInvokerWrapper]   Arguments: '"D:\Remote-Learning---LUMER\Remote-Learning-LUMER\actions-runner\_work\_actions\actions\checkout\v4\dist/index.js"'
[2026-08-21 12:45:53Z INFO ProcessInvokerWrapper]   Working directory: 'D:\Remote-Learning---LUMER\Remote-Learning-LUMER\actions-runner\_work\TestK8s\TestK8s'
[2026-08-21 12:45:53Z INFO ProcessInvokerWrapper]   Require exit code zero: 'False'
[2026-08-21 12:45:53Z INFO ProcessInvokerWrapper]   Encoding web name: utf-8 ; code page: '65001'
[2026-08-21 12:45:53Z INFO ProcessInvokerWrapper]   Force kill process on cancellation: 'False'
[2026-08-21 12:45:53Z INFO ProcessInvokerWrapper]   Redirected STDIN: 'False'
[2026-08-21 12:45:53Z INFO ProcessInvokerWrapper]   Persist current code page: 'True'
[2026-08-21 12:45:53Z INFO ProcessInvokerWrapper]   Keep redirected STDIN open: 'False'
[2026-08-21 12:45:53Z INFO ProcessInvokerWrapper]   High priority process: 'False'
[2026-08-21 12:45:53Z INFO JobServerQueue] Try to append 1 batches web console lines for record '208b0088-7a49-4df5-8e68-8dd290517248', success rate: 1/1.
[2026-08-21 12:45:53Z INFO JobServerQueue] Try to append 1 batches web console lines for record 'db980a36-89b5-45b9-bc43-106c98dc10d0', success rate: 1/1.
[2026-08-21 12:45:53Z INFO ProcessInvokerWrapper] Process started with process id 26512, waiting for process exit.
[2026-08-21 12:45:54Z INFO JobServerQueue] Try to append 1 batches web console lines for record 'db980a36-89b5-45b9-bc43-106c98dc10d0', success rate: 1/1.
[2026-08-21 12:45:54Z INFO AddMaskCommandExtension] Add new secret mask with length of 32
[2026-08-21 12:45:54Z INFO JobServerQueue] Try to append 1 batches web console lines for record 'db980a36-89b5-45b9-bc43-106c98dc10d0', success rate: 1/1.
[2026-08-21 12:45:54Z INFO JobServerQueue] Tried to upload 1 file(s) to results, success rate: 1/1.
[2026-08-21 12:45:54Z INFO JobServerQueue] Try to upload 1 log files or attachments, success rate: 1/1.
[2026-08-21 12:45:55Z INFO ProcessInvokerWrapper] STDOUT/STDERR stream read finished.
[2026-08-21 12:45:55Z INFO ProcessInvokerWrapper] STDOUT/STDERR stream read finished.
[2026-08-21 12:45:55Z INFO ProcessInvokerWrapper] Finished process 26512 with exit code 0, and elapsed time 00:00:01.7138459.
[2026-08-21 12:45:55Z INFO CreateStepSummaryCommand] Step Summary file (D:\Remote-Learning---LUMER\Remote-Learning-LUMER\actions-runner\_work\_temp\_runner_file_commands\step_summary_4614594a-b1ef-47a3-b418-285dc6179b38) is empty; skipping attachment upload
[2026-08-21 12:45:55Z INFO StepsRunner] Step result: 
[2026-08-21 12:45:55Z INFO ExecutionContext] Publish step telemetry for current step {
  "action": "actions/checkout",
  "ref": "v4",
  "type": "node24",
  "stage": "Post",
  "stepId": "db980a36-89b5-45b9-bc43-106c98dc10d0",
  "result": "succeeded",
  "errorMessages": [
    "The process 'D:\\Git\\bin\\git.exe' failed with exit code 128"
  ],
  "executionTimeInSeconds": 2,
  "startTime": "2026-08-21T12:45:53.9448602Z",
  "finishTime": "2026-08-21T12:45:55.699914Z"
}.
[2026-08-21 12:45:55Z INFO StepsRunner] No need for updating job result with current step result 'Succeeded'.
[2026-08-21 12:45:55Z INFO StepsRunner] Current state: job state = ''
[2026-08-21 12:45:55Z INFO JobRunner] Finalize job.
[2026-08-21 12:45:55Z INFO HostContext] Well known directory 'Bin': 'D:\Remote-Learning---LUMER\Remote-Learning-LUMER\actions-runner\bin'
[2026-08-21 12:45:55Z INFO HostContext] Well known directory 'Root': 'D:\Remote-Learning---LUMER\Remote-Learning-LUMER\actions-runner'
[2026-08-21 12:45:55Z INFO HostContext] Well known directory 'Diag': 'D:\Remote-Learning---LUMER\Remote-Learning-LUMER\actions-runner\_diag'
[2026-08-21 12:45:55Z INFO HostContext] Well known directory 'Bin': 'D:\Remote-Learning---LUMER\Remote-Learning-LUMER\actions-runner\bin'
[2026-08-21 12:45:55Z INFO HostContext] Well known directory 'Root': 'D:\Remote-Learning---LUMER\Remote-Learning-LUMER\actions-runner'
[2026-08-21 12:45:55Z INFO HostContext] Well known directory 'Diag': 'D:\Remote-Learning---LUMER\Remote-Learning-LUMER\actions-runner\_diag'
[2026-08-21 12:45:55Z INFO JobExtension] Initialize Env context
[2026-08-21 12:45:55Z INFO JobExtension] Initialize steps context
[2026-08-21 12:45:55Z INFO JobServerQueue] Got a step log file to send to results service.
[2026-08-21 12:45:55Z INFO JobServerQueue] Starting upload of step log file to results service ResultsLog, D:\Remote-Learning---LUMER\Remote-Learning-LUMER\actions-runner\_diag\blocks\f9f8b513-01ba-4479-94d4-dbd64730652a_208b0088-7a49-4df5-8e68-8dd290517248.1
[2026-08-21 12:45:55Z INFO JobExtension] Total accessible running process: 366.
[2026-08-21 12:45:55Z INFO JobServerQueue] Try to upload 1 log files or attachments, success rate: 1/1.
[2026-08-21 12:45:55Z INFO JobExtension] Inspecting process environment variables. PID: 13196 (WmiPrvSE)
[2026-08-21 12:45:55Z WARN JobExtension] Ignore exception during read process environment variables: Access is denied.
[2026-08-21 12:45:55Z INFO JobExtension] Wait for all connectivity checks to finish.
[2026-08-21 12:45:55Z INFO JobExtension] Connectivity check result: {
  "endpointUrl": "https://broker.actions.githubusercontent.com/health",
  "endpointIPs": null,
  "startTime": "2026-08-21T12:45:00.5018908Z",
  "statusCode": "http_OK",
  "requestId": "DA71:63562:208D08:22303B:6A884879",
  "httpRequestDurationInMs": 830,
  "dnsResolutionDurationInMs": 0,
  "dnsError": null
}
[2026-08-21 12:45:55Z INFO JobExtension] Connectivity check result: {
  "endpointUrl": "https://token.actions.githubusercontent.com/ready",
  "endpointIPs": null,
  "startTime": "2026-08-21T12:45:00.5030614Z",
  "statusCode": "http_NoContent",
  "requestId": "DA72:4E34E:223D0F7:274F36C:6A884879",
  "httpRequestDurationInMs": 787,
  "dnsResolutionDurationInMs": 0,
  "dnsError": null
}
[2026-08-21 12:45:55Z INFO JobExtension] Connectivity check result: {
  "endpointUrl": "https://run.actions.githubusercontent.com/health",
  "endpointIPs": null,
  "startTime": "2026-08-21T12:45:00.5032752Z",
  "statusCode": "http_OK",
  "requestId": "DA73:5E9A2:208B67:218108:6A884879",
  "httpRequestDurationInMs": 801,
  "dnsResolutionDurationInMs": 0,
  "dnsError": null
}
[2026-08-21 12:45:55Z INFO ExecutionContext] Publish step telemetry for current step {
  "action": "complete_job",
  "type": "runner",
  "stage": "Post",
  "stepId": "81599e5c-031c-4f9d-a247-479cbdda9d2f",
  "result": "succeeded",
  "errorMessages": [
    "Node.js 20 is deprecated. The following actions target Node.js 20 but are being forced to run on Node.js 24: actions/checkout@v4. For more information see: https://github.blog/changelog/2025-09-19-deprecation-of-node-20-on-github-actions-runners/"
  ],
  "executionTimeInSeconds": 1,
  "startTime": "2026-08-21T12:45:55.7074559Z",
  "finishTime": "2026-08-21T12:45:55.7596331Z"
}.
[2026-08-21 12:45:55Z INFO JobRunner] Job result after all job steps finish: Succeeded
[2026-08-21 12:45:55Z INFO JobRunner] Completing the job execution context.
[2026-08-21 12:45:55Z INFO JobRunner] Shutting down the job server queue.
[2026-08-21 12:45:55Z INFO JobServerQueue] Fire signal to shutdown all queues.
[2026-08-21 12:45:56Z INFO JobServerQueue] Got a step log file to send to results service.
[2026-08-21 12:45:56Z INFO JobServerQueue] Starting upload of step log file to results service ResultsLog, D:\Remote-Learning---LUMER\Remote-Learning-LUMER\actions-runner\_diag\blocks\f9f8b513-01ba-4479-94d4-dbd64730652a_db980a36-89b5-45b9-bc43-106c98dc10d0.1
[2026-08-21 12:45:57Z INFO JobServerQueue] Tried to upload 2 file(s) to results, success rate: 2/2.
[2026-08-21 12:45:58Z INFO JobServerQueue] All queue process task stopped.
[2026-08-21 12:45:58Z INFO JobServerQueue] Try to append 1 batches web console lines for record 'db980a36-89b5-45b9-bc43-106c98dc10d0', success rate: 1/1.
[2026-08-21 12:45:58Z INFO JobServerQueue] Try to append 1 batches web console lines for record '81599e5c-031c-4f9d-a247-479cbdda9d2f', success rate: 1/1.
[2026-08-21 12:45:58Z INFO JobServerQueue] Web console line queue drained.
[2026-08-21 12:45:58Z INFO JobServerQueue] Uploading 2 files in one shot.
[2026-08-21 12:45:58Z INFO JobServerQueue] Try to upload 2 log files or attachments, success rate: 2/2.
[2026-08-21 12:45:58Z INFO JobServerQueue] File upload queue drained.
[2026-08-21 12:45:58Z INFO JobServerQueue] Starting results-based upload queue...
[2026-08-21 12:45:58Z INFO JobServerQueue] Uploading 2 file(s) in one shot through results service.
[2026-08-21 12:45:58Z INFO JobServerQueue] Got a step log file to send to results service.
[2026-08-21 12:45:58Z INFO JobServerQueue] Starting upload of step log file to results service ResultsLog, D:\Remote-Learning---LUMER\Remote-Learning-LUMER\actions-runner\_diag\blocks\f9f8b513-01ba-4479-94d4-dbd64730652a_81599e5c-031c-4f9d-a247-479cbdda9d2f.1
[2026-08-21 12:45:59Z INFO JobServerQueue] Got a job log file to send to results service.
[2026-08-21 12:45:59Z INFO JobServerQueue] Starting upload of job log file to results service ResultsLog, D:\Remote-Learning---LUMER\Remote-Learning-LUMER\actions-runner\_diag\blocks\f9f8b513-01ba-4479-94d4-dbd64730652a_814f6392-ec58-5462-bed6-36d95658d47a.1
[2026-08-21 12:46:00Z INFO JobServerQueue] Tried to upload 2 file(s) to results, success rate: 2/2.
[2026-08-21 12:46:00Z INFO JobServerQueue] Results upload queue drained.
[2026-08-21 12:46:00Z INFO JobServerQueue] Timeline update queue drained.
[2026-08-21 12:46:00Z INFO JobServerQueue] Disposing job server ...
[2026-08-21 12:46:00Z INFO JobServerQueue] Disposing results server ...
[2026-08-21 12:46:00Z INFO JobServerQueue] All queue process tasks have been stopped, and all queues are drained.
[2026-08-21 12:46:00Z INFO TempDirectoryManager] Cleaning runner temp folder: D:\Remote-Learning---LUMER\Remote-Learning-LUMER\actions-runner\_work\_temp
[2026-08-21 12:46:00Z INFO HostContext] Well known directory 'Bin': 'D:\Remote-Learning---LUMER\Remote-Learning-LUMER\actions-runner\bin'
[2026-08-21 12:46:00Z INFO HostContext] Well known directory 'Root': 'D:\Remote-Learning---LUMER\Remote-Learning-LUMER\actions-runner'
[2026-08-21 12:46:00Z INFO HostContext] Well known directory 'Diag': 'D:\Remote-Learning---LUMER\Remote-Learning-LUMER\actions-runner\_diag'
[2026-08-21 12:46:00Z INFO HostContext] Well known config file 'Telemetry': 'D:\Remote-Learning---LUMER\Remote-Learning-LUMER\actions-runner\_diag\.telemetry'
[2026-08-21 12:46:00Z INFO JobRunner] Raising job completed against run service
[2026-08-21 12:46:01Z INFO Worker] Job completed.
