[2026-08-21 09:00:02Z INFO HostContext] No proxy settings were found based on environmental variables (http_proxy/https_proxy/HTTP_PROXY/HTTPS_PROXY)
[2026-08-21 09:00:02Z INFO HostContext] Well known directory 'Bin': 'D:\Remote-Learning---LUMER\Remote-Learning-LUMER\actions-runner\bin'
[2026-08-21 09:00:02Z INFO HostContext] Well known directory 'Root': 'D:\Remote-Learning---LUMER\Remote-Learning-LUMER\actions-runner'
[2026-08-21 09:00:02Z INFO HostContext] Well known config file 'Credentials': 'D:\Remote-Learning---LUMER\Remote-Learning-LUMER\actions-runner\.credentials'
[2026-08-21 09:00:02Z INFO HostContext] Well known directory 'Bin': 'D:\Remote-Learning---LUMER\Remote-Learning-LUMER\actions-runner\bin'
[2026-08-21 09:00:02Z INFO HostContext] Well known directory 'Root': 'D:\Remote-Learning---LUMER\Remote-Learning-LUMER\actions-runner'
[2026-08-21 09:00:02Z INFO HostContext] Well known config file 'Runner': 'D:\Remote-Learning---LUMER\Remote-Learning-LUMER\actions-runner\.runner'
[2026-08-21 09:00:02Z INFO Worker] Version: 2.336.0
[2026-08-21 09:00:02Z INFO Worker] Commit: 98aabcd429c4e8402406c56ce2d26387fed3b9ce
[2026-08-21 09:00:02Z INFO Worker] Culture: en-US
[2026-08-21 09:00:02Z INFO Worker] UI Culture: en-US
[2026-08-21 09:00:02Z INFO Worker] Waiting to receive the job message from the channel.
[2026-08-21 09:00:02Z INFO ProcessChannel] Receiving message of length 22631, with hash 'c408db379c871eaae0b76fbfd8e31d73fcfa46864b4ec30bfac2ef23851fd904'
[2026-08-21 09:00:02Z INFO Worker] Message received.
[2026-08-21 09:00:02Z INFO Worker] Job message:
 {
  "environmentVariables": [
    {
      "type": 2,
      "file": 1,
      "line": 14,
      "col": 3,
      "map": [
        {
          "key": {
            "type": 0,
            "file": 1,
            "line": 14,
            "col": 3,
            "lit": "DOCKER_USERNAME"
          },
          "value": {
            "type": 3,
            "file": 1,
            "line": 14,
            "col": 20,
            "expr": "secrets.DOCKER_USERNAME"
          }
        },
        {
          "key": {
            "type": 0,
            "file": 1,
            "line": 15,
            "col": 3,
            "lit": "DOCKER_PASSWORD"
          },
          "value": {
            "type": 3,
            "file": 1,
            "line": 15,
            "col": 20,
            "expr": "secrets.DOCKER_PASSWORD"
          }
        }
      ]
    }
  ],
  "fileTable": [
    ".github/workflows/deploy.yml"
  ],
  "mask": [
    {
      "type": "regex",
      "value": "***"
    },
    {
      "type": "regex",
      "value": "***"
    },
    {
      "type": "regex",
      "value": "***"
    },
    {
      "type": "regex",
      "value": "***"
    },
    {
      "type": "regex",
      "value": "***"
    },
    {
      "type": "regex",
      "value": "***"
    },
    {
      "type": "regex",
      "value": "***"
    },
    {
      "type": "regex",
      "value": "***"
    },
    {
      "type": "regex",
      "value": "***"
    },
    {
      "type": "regex",
      "value": "***"
    },
    {
      "type": "regex",
      "value": "***"
    },
    {
      "type": "regex",
      "value": "***"
    },
    {
      "type": "regex",
      "value": "***"
    },
    {
      "type": "regex",
      "value": "***"
    },
    {
      "type": "regex",
      "value": "***"
    },
    {
      "type": "regex",
      "value": "***"
    },
    {
      "type": "regex",
      "value": "***"
    },
    {
      "type": "regex",
      "value": "***"
    },
    {
      "type": "regex",
      "value": "***"
    },
    {
      "type": "regex",
      "value": "***"
    },
    {
      "type": "regex",
      "value": "***"
    },
    {
      "type": "regex",
      "value": "***"
    },
    {
      "type": "regex",
      "value": "***"
    },
    {
      "type": "regex",
      "value": "***"
    }
  ],
  "steps": [
    {
      "type": "action",
      "reference": {
        "type": "repository",
        "name": "actions/checkout",
        "ref": "v4",
        "repositoryType": "GitHub"
      },
      "displayNameToken": {
        "type": 0,
        "file": 1,
        "line": 95,
        "col": 15,
        "lit": "Checkout Code"
      },
      "contextName": "__actions_checkout",
      "condition": "success()",
      "id": "be1436ee-e358-41be-909a-6fbe53f0fe13",
      "name": "__actions_checkout"
    },
    {
      "type": "action",
      "reference": {
        "type": "script"
      },
      "displayNameToken": {
        "type": 0,
        "file": 1,
        "line": 98,
        "col": 15,
        "lit": "Deploy Manifests"
      },
      "contextName": "__run",
      "inputs": {
        "type": 2,
        "map": [
          {
            "key": "script",
            "value": {
              "type": 0,
              "file": 1,
              "line": 100,
              "col": 14,
              "lit": "kubectl apply -f k8s/backend-secrets.yml\nkubectl apply -f k8s/backend.yml\nkubectl apply -f k8s/frontend.yml\n\nkubectl rollout restart deployment/course-service\nkubectl rollout restart deployment/learning-progress-service\nkubectl rollout restart deployment/quiz-exam-service\nkubectl rollout restart deployment/user-service\nkubectl rollout restart deployment/frontend"
            }
          },
          {
            "key": "shell",
            "value": {
              "type": 0,
              "file": 1,
              "line": 99,
              "col": 16,
              "lit": "powershell"
            }
          }
        ]
      },
      "condition": "success()",
      "id": "233322eb-6f33-4f17-84a1-61ae58523807",
      "name": "__run"
    }
  ],
  "variables": {
    "Actions.EnableHttpRedirects": {
      "value": "true"
    },
    "DOCKER_PASSWORD": {
      "value": "***",
      "isSecret": true
    },
    "DOCKER_USERNAME": {
      "value": "***",
      "isSecret": true
    },
    "DistributedTask.AddWarningToNode12Action": {
      "value": "true"
    },
    "DistributedTask.AddWarningToNode16Action": {
      "value": "true"
    },
    "DistributedTask.AllowRunnerContainerHooks": {
      "value": "true"
    },
    "DistributedTask.DeprecateStepOutputCommands": {
      "value": "true"
    },
    "DistributedTask.DetailUntarFailure": {
      "value": "true"
    },
    "DistributedTask.EnableCompositeActions": {
      "value": "true"
    },
    "DistributedTask.EnableJobServerQueueTelemetry": {
      "value": "true"
    },
    "DistributedTask.EnhancedAnnotations": {
      "value": "true"
    },
    "DistributedTask.ForceGithubJavascriptActionsToNode16": {
      "value": "true"
    },
    "DistributedTask.ForceGithubJavascriptActionsToNode20": {
      "value": "true"
    },
    "DistributedTask.LogTemplateErrorsAsDebugMessages": {
      "value": "true"
    },
    "DistributedTask.MarkJobAsFailedOnWorkerCrash": {
      "value": "true"
    },
    "DistributedTask.NewActionMetadata": {
      "value": "true"
    },
    "DistributedTask.UploadStepSummary": {
      "value": "true"
    },
    "DistributedTask.UseActionArchiveCache": {
      "value": "true"
    },
    "DistributedTask.UseWhich2": {
      "value": "true"
    },
    "RunService.FixEmbeddedIssues": {
      "value": "true"
    },
    "actions.runner.requirenode24": {
      "value": "false"
    },
    "actions.runner.usenode24bydefault": {
      "value": "true"
    },
    "actions.runner.warnonnode20": {
      "value": "true"
    },
    "actions_add_check_run_id_to_job_context": {
      "value": "true"
    },
    "actions_batch_action_resolution": {
      "value": "false"
    },
    "actions_container_action_runner_temp": {
      "value": "true"
    },
    "actions_display_helpful_actions_download_errors": {
      "value": "true"
    },
    "actions_runner_allow_artifacts_file": {
      "value": "false"
    },
    "actions_runner_compare_workflow_parser": {
      "value": "false"
    },
    "actions_runner_deprecate_linux_arm32": {
      "value": "true"
    },
    "actions_runner_emit_composite_markers": {
      "value": "true"
    },
    "actions_runner_kill_linux_arm32": {
      "value": "false"
    },
    "actions_runner_node20_removal_date": {
      "value": ""
    },
    "actions_runner_node24_default_date": {
      "value": "June 16th, 2026"
    },
    "actions_self_repository": {
      "value": "true"
    },
    "actions_service_container_command": {
      "value": "true"
    },
    "actions_set_orchestration_id_env_for_actions": {
      "value": "true"
    },
    "actions_skip_retry_complete_job_upon_known_errors": {
      "value": "true"
    },
    "actions_snapshot_preflight_hosted_runner_check": {
      "value": "false"
    },
    "actions_snapshot_preflight_image_gen_pool_check": {
      "value": "false"
    },
    "actions_use_bearer_token_for_codeload": {
      "value": "false"
    },
    "actions_uses_cache_service_v2": {
      "value": "true"
    },
    "github_token": {
      "value": "***",
      "isSecret": true
    },
    "system.from_run_service": {
      "value": "true"
    },
    "system.github.job": {
      "value": "deploy-k8s"
    },
    "system.github.launch_endpoint": {
      "value": "https://launch.actions.githubusercontent.com"
    },
    "system.github.results_endpoint": {
      "value": "https://results-receiver.actions.githubusercontent.com/"
    },
    "system.github.results_upload_with_sdk": {
      "value": "true"
    },
    "system.github.token": {
      "value": "***",
      "isSecret": true
    },
    "system.github.token.permissions": {
      "value": "{\"Contents\":\"read\",\"Metadata\":\"read\",\"Packages\":\"read\"}"
    },
    "system.orchestrationId": {
      "value": "51f8bcd0-3f8c-4fa0-9f8d-30c33e8ae1af.deploy-k8s.__default"
    },
    "system.phaseDisplayName": {
      "value": "deploy-k8s"
    },
    "system.runner.lowdiskspacethreshold": {
      "value": "100"
    },
    "system.runnerEnvironment": {
      "value": "self-hosted"
    },
    "system.runnerGroupName": {
      "value": "Default"
    }
  },
  "messageType": "RunnerJobRequest",
  "plan": {
    "scopeIdentifier": "00000000-0000-0000-0000-000000000000",
    "planType": "actions",
    "version": 0,
    "planId": "51f8bcd0-3f8c-4fa0-9f8d-30c33e8ae1af",
    "planGroup": null,
    "artifactUri": null,
    "artifactLocation": null,
    "definition": null,
    "owner": null
  },
  "timeline": {
    "id": "51f8bcd0-3f8c-4fa0-9f8d-30c33e8ae1af",
    "changeId": 0,
    "location": null
  },
  "jobId": "b1b1a841-c9ba-5827-b4f3-f5ce88482ae7",
  "jobDisplayName": "deploy-k8s",
  "jobName": "__default",
  "requestId": 0,
  "lockedUntil": "0001-01-01T00:00:00",
  "resources": {
    "endpoints": [
      {
        "data": {
          "ServerId": "",
          "ServerName": "",
          "CacheServerUrl": "https://artifactcache.actions.githubusercontent.com/G2HGBoFcD4oli1CkiROIEitEEf7cQTrzmf6ALFELZO2MrcwBWt/",
          "FeedStreamUrl": "wss://results-receiver.actions.githubusercontent.com/_ws/ingest.sock",
          "ResultsServiceUrl": "https://results-receiver.actions.githubusercontent.com/",
          "PipelinesServiceUrl": "https://pipelinesghubeus12.actions.githubusercontent.com/G2HGBoFcD4oli1CkiROIEitEEf7cQTrzmf6ALFELZO2MrcwBWt/",
          "GenerateIdTokenUrl": "",
          "ConnectivityChecks": "[\"https://broker.actions.githubusercontent.com/health\",\"https://token.actions.githubusercontent.com/ready\",\"https://run.actions.githubusercontent.com/health\"]",
          "ConnectivityAndDNSChecks": ""
        },
        "name": "SystemVssConnection",
        "url": "https://run-actions-2-azure-eastus.actions.githubusercontent.com/126/",
        "authorization": {
          "parameters": {
            "AccessToken": "***"
          },
          "scheme": "OAuth"
        },
        "isShared": false,
        "isReady": true
      }
    ]
  },
  "contextData": {
    "github": {
      "t": 2,
      "d": [
        {
          "k": "ref",
          "v": "refs/heads/main"
        },
        {
          "k": "sha",
          "v": "4d990b1dfef1cef3aa29af991eb4aa11a13d586c"
        },
        {
          "k": "repository",
          "v": "Hieu1266/TestK8s"
        },
        {
          "k": "repository_owner",
          "v": "Hieu1266"
        },
        {
          "k": "repository_owner_id",
          "v": "181964307"
        },
        {
          "k": "repositoryUrl",
          "v": "git://github.com/Hieu1266/TestK8s.git"
        },
        {
          "k": "run_id",
          "v": "32465704049"
        },
        {
          "k": "run_number",
          "v": "3"
        },
        {
          "k": "retention_days",
          "v": "90"
        },
        {
          "k": "run_attempt",
          "v": "1"
        },
        {
          "k": "artifact_cache_size_limit",
          "v": "10"
        },
        {
          "k": "repository_visibility",
          "v": "public"
        },
        {
          "k": "actor_id",
          "v": "181964307"
        },
        {
          "k": "actor",
          "v": "Hieu1266"
        },
        {
          "k": "workflow",
          "v": "Build and Deploy to K8s"
        },
        {
          "k": "head_ref",
          "v": ""
        },
        {
          "k": "base_ref",
          "v": ""
        },
        {
          "k": "event_name",
          "v": "push"
        },
        {
          "k": "server_url",
          "v": "https://github.com"
        },
        {
          "k": "api_url",
          "v": "https://api.github.com"
        },
        {
          "k": "graphql_url",
          "v": "https://api.github.com/graphql"
        },
        {
          "k": "ref_name",
          "v": "main"
        },
        {
          "k": "ref_protected",
          "v": false
        },
        {
          "k": "ref_type",
          "v": "branch"
        },
        {
          "k": "secret_source",
          "v": "Actions"
        },
        {
          "k": "event",
          "v": {
            "t": 2,
            "d": [
              {
                "k": "after",
                "v": "4d990b1dfef1cef3aa29af991eb4aa11a13d586c"
              },
              {
                "k": "base_ref",
                "v": null
              },
              {
                "k": "before",
                "v": "c2f0cd83bbaf6cbe24d1fbb774dccb128b62802a"
              },
              {
                "k": "commits",
                "v": {
                  "t": 1,
                  "a": [
                    {
                      "t": 2,
                      "d": [
                        {
                          "k": "author",
                          "v": {
                            "t": 2,
                            "d": [
                              {
                                "k": "email",
                                "v": "htt2k5b@gmail.com"
                              },
                              {
                                "k": "name",
                                "v": "Thanhhieu1609"
                              },
                              {
                                "k": "username",
                                "v": "Hieu1266"
                              }
                            ]
                          }
                        },
                        {
                          "k": "committer",
                          "v": {
                            "t": 2,
                            "d": [
                              {
                                "k": "email",
                                "v": "htt2k5b@gmail.com"
                              },
                              {
                                "k": "name",
                                "v": "Thanhhieu1609"
                              },
                              {
                                "k": "username",
                                "v": "Hieu1266"
                              }
                            ]
                          }
                        },
                        {
                          "k": "distinct",
                          "v": true
                        },
                        {
                          "k": "id",
                          "v": "4d990b1dfef1cef3aa29af991eb4aa11a13d586c"
                        },
                        {
                          "k": "message",
                          "v": "add python-multipart to fix form data upload"
                        },
                        {
                          "k": "timestamp",
                          "v": "2026-08-21T15:58:11+07:00"
                        },
                        {
                          "k": "tree_id",
                          "v": "9eba926766b9e48d8ba77e18ee81dff2848cf8e9"
                        },
                        {
                          "k": "url",
                          "v": "https://github.com/Hieu1266/TestK8s/commit/4d990b1dfef1cef3aa29af991eb4aa11a13d586c"
                        }
                      ]
                    }
                  ]
                }
              },
              {
                "k": "compare",
                "v": "https://github.com/Hieu1266/TestK8s/compare/c2f0cd83bbaf...4d990b1dfef1"
              },
              {
                "k": "created",
                "v": false
              },
              {
                "k": "deleted",
                "v": false
              },
              {
                "k": "forced",
                "v": false
              },
              {
                "k": "head_commit",
                "v": {
                  "t": 2,
                  "d": [
                    {
                      "k": "author",
                      "v": {
                        "t": 2,
                        "d": [
                          {
                            "k": "email",
                            "v": "htt2k5b@gmail.com"
                          },
                          {
                            "k": "name",
                            "v": "Thanhhieu1609"
                          },
                          {
                            "k": "username",
                            "v": "Hieu1266"
                          }
                        ]
                      }
                    },
                    {
                      "k": "committer",
                      "v": {
                        "t": 2,
                        "d": [
                          {
                            "k": "email",
                            "v": "htt2k5b@gmail.com"
                          },
                          {
                            "k": "name",
                            "v": "Thanhhieu1609"
                          },
                          {
                            "k": "username",
                            "v": "Hieu1266"
                          }
                        ]
                      }
                    },
                    {
                      "k": "distinct",
                      "v": true
                    },
                    {
                      "k": "id",
                      "v": "4d990b1dfef1cef3aa29af991eb4aa11a13d586c"
                    },
                    {
                      "k": "message",
                      "v": "add python-multipart to fix form data upload"
                    },
                    {
                      "k": "timestamp",
                      "v": "2026-08-21T15:58:11+07:00"
                    },
                    {
                      "k": "tree_id",
                      "v": "9eba926766b9e48d8ba77e18ee81dff2848cf8e9"
                    },
                    {
                      "k": "url",
                      "v": "https://github.com/Hieu1266/TestK8s/commit/4d990b1dfef1cef3aa29af991eb4aa11a13d586c"
                    }
                  ]
                }
              },
              {
                "k": "pusher",
                "v": {
                  "t": 2,
                  "d": [
                    {
                      "k": "email",
                      "v": "htt2k5b@gmail.com"
                    },
                    {
                      "k": "name",
                      "v": "Hieu1266"
                    }
                  ]
                }
              },
              {
                "k": "ref",
                "v": "refs/heads/main"
              },
              {
                "k": "repository",
                "v": {
                  "t": 2,
                  "d": [
                    {
                      "k": "allow_forking",
                      "v": true
                    },
                    {
                      "k": "archive_url",
                      "v": "https://api.github.com/repos/Hieu1266/TestK8s/{archive_format}{/ref}"
                    },
                    {
                      "k": "archived",
                      "v": false
                    },
                    {
                      "k": "assignees_url",
                      "v": "https://api.github.com/repos/Hieu1266/TestK8s/assignees{/user}"
                    },
                    {
                      "k": "blobs_url",
                      "v": "https://api.github.com/repos/Hieu1266/TestK8s/git/blobs{/sha}"
                    },
                    {
                      "k": "branches_url",
                      "v": "https://api.github.com/repos/Hieu1266/TestK8s/branches{/branch}"
                    },
                    {
                      "k": "clone_url",
                      "v": "https://github.com/Hieu1266/TestK8s.git"
                    },
                    {
                      "k": "collaborators_url",
                      "v": "https://api.github.com/repos/Hieu1266/TestK8s/collaborators{/collaborator}"
                    },
                    {
                      "k": "comments_url",
                      "v": "https://api.github.com/repos/Hieu1266/TestK8s/comments{/number}"
                    },
                    {
                      "k": "commits_url",
                      "v": "https://api.github.com/repos/Hieu1266/TestK8s/commits{/sha}"
                    },
                    {
                      "k": "compare_url",
                      "v": "https://api.github.com/repos/Hieu1266/TestK8s/compare/{base}...{head}"
                    },
                    {
                      "k": "contents_url",
                      "v": "https://api.github.com/repos/Hieu1266/TestK8s/contents/{+path}"
                    },
                    {
                      "k": "contributors_url",
                      "v": "https://api.github.com/repos/Hieu1266/TestK8s/contributors"
                    },
                    {
                      "k": "created_at",
                      "v": 1787300709.0
                    },
                    {
                      "k": "default_branch",
                      "v": "main"
                    },
                    {
                      "k": "deployments_url",
                      "v": "https://api.github.com/repos/Hieu1266/TestK8s/deployments"
                    },
                    {
                      "k": "description",
                      "v": null
                    },
                    {
                      "k": "disabled",
                      "v": false
                    },
                    {
                      "k": "downloads_url",
                      "v": "https://api.github.com/repos/Hieu1266/TestK8s/downloads"
                    },
                    {
                      "k": "events_url",
                      "v": "https://api.github.com/repos/Hieu1266/TestK8s/events"
                    },
                    {
                      "k": "fork",
                      "v": false
                    },
                    {
                      "k": "forks",
                      "v": 0.0
                    },
                    {
                      "k": "forks_count",
                      "v": 0.0
                    },
                    {
                      "k": "forks_url",
                      "v": "https://api.github.com/repos/Hieu1266/TestK8s/forks"
                    },
                    {
                      "k": "full_name",
                      "v": "Hieu1266/TestK8s"
                    },
                    {
                      "k": "git_commits_url",
                      "v": "https://api.github.com/repos/Hieu1266/TestK8s/git/commits{/sha}"
                    },
                    {
                      "k": "git_refs_url",
                      "v": "https://api.github.com/repos/Hieu1266/TestK8s/git/refs{/sha}"
                    },
                    {
                      "k": "git_tags_url",
                      "v": "https://api.github.com/repos/Hieu1266/TestK8s/git/tags{/sha}"
                    },
                    {
                      "k": "git_url",
                      "v": "git://github.com/Hieu1266/TestK8s.git"
                    },
                    {
                      "k": "has_discussions",
                      "v": false
                    },
                    {
                      "k": "has_downloads",
                      "v": true
                    },
                    {
                      "k": "has_issues",
                      "v": true
                    },
                    {
                      "k": "has_pages",
                      "v": false
                    },
                    {
                      "k": "has_projects",
                      "v": true
                    },
                    {
                      "k": "has_pull_requests",
                      "v": true
                    },
                    {
                      "k": "has_wiki",
                      "v": true
                    },
                    {
                      "k": "homepage",
                      "v": null
                    },
                    {
                      "k": "hooks_url",
                      "v": "https://api.github.com/repos/Hieu1266/TestK8s/hooks"
                    },
                    {
                      "k": "html_url",
                      "v": "https://github.com/Hieu1266/TestK8s"
                    },
                    {
                      "k": "id",
                      "v": 1341572615.0
                    },
                    {
                      "k": "is_template",
                      "v": false
                    },
                    {
                      "k": "issue_comment_url",
                      "v": "https://api.github.com/repos/Hieu1266/TestK8s/issues/comments{/number}"
                    },
                    {
                      "k": "issue_events_url",
                      "v": "https://api.github.com/repos/Hieu1266/TestK8s/issues/events{/number}"
                    },
                    {
                      "k": "issues_url",
                      "v": "https://api.github.com/repos/Hieu1266/TestK8s/issues{/number}"
                    },
                    {
                      "k": "keys_url",
                      "v": "https://api.github.com/repos/Hieu1266/TestK8s/keys{/key_id}"
                    },
                    {
                      "k": "labels_url",
                      "v": "https://api.github.com/repos/Hieu1266/TestK8s/labels{/name}"
                    },
                    {
                      "k": "language",
                      "v": "TypeScript"
                    },
                    {
                      "k": "languages_url",
                      "v": "https://api.github.com/repos/Hieu1266/TestK8s/languages"
                    },
                    {
                      "k": "license",
                      "v": null
                    },
                    {
                      "k": "master_branch",
                      "v": "main"
                    },
                    {
                      "k": "merges_url",
                      "v": "https://api.github.com/repos/Hieu1266/TestK8s/merges"
                    },
                    {
                      "k": "milestones_url",
                      "v": "https://api.github.com/repos/Hieu1266/TestK8s/milestones{/number}"
                    },
                    {
                      "k": "mirror_url",
                      "v": null
                    },
                    {
                      "k": "name",
                      "v": "TestK8s"
                    },
                    {
                      "k": "node_id",
                      "v": "R_kgDOT_bGBw"
                    },
                    {
                      "k": "notifications_url",
                      "v": "https://api.github.com/repos/Hieu1266/TestK8s/notifications{?since,all,participating}"
                    },
                    {
                      "k": "open_issues",
                      "v": 0.0
                    },
                    {
                      "k": "open_issues_count",
                      "v": 0.0
                    },
                    {
                      "k": "owner",
                      "v": {
                        "t": 2,
                        "d": [
                          {
                            "k": "avatar_url",
                            "v": "https://avatars.githubusercontent.com/u/181964307?v=4"
                          },
                          {
                            "k": "email",
                            "v": "htt2k5b@gmail.com"
                          },
                          {
                            "k": "events_url",
                            "v": "https://api.github.com/users/Hieu1266/events{/privacy}"
                          },
                          {
                            "k": "followers_url",
                            "v": "https://api.github.com/users/Hieu1266/followers"
                          },
                          {
                            "k": "following_url",
                            "v": "https://api.github.com/users/Hieu1266/following{/other_user}"
                          },
                          {
                            "k": "gists_url",
                            "v": "https://api.github.com/users/Hieu1266/gists{/gist_id}"
                          },
                          {
                            "k": "gravatar_id",
                            "v": ""
                          },
                          {
                            "k": "html_url",
                            "v": "https://github.com/Hieu1266"
                          },
                          {
                            "k": "id",
                            "v": 181964307.0
                          },
                          {
                            "k": "login",
                            "v": "Hieu1266"
                          },
                          {
                            "k": "name",
                            "v": "Hieu1266"
                          },
                          {
                            "k": "node_id",
                            "v": "U_kgDOCtiOEw"
                          },
                          {
                            "k": "organizations_url",
                            "v": "https://api.github.com/users/Hieu1266/orgs"
                          },
                          {
                            "k": "received_events_url",
                            "v": "https://api.github.com/users/Hieu1266/received_events"
                          },
                          {
                            "k": "repos_url",
                            "v": "https://api.github.com/users/Hieu1266/repos"
                          },
                          {
                            "k": "site_admin",
                            "v": false
                          },
                          {
                            "k": "starred_url",
                            "v": "https://api.github.com/users/Hieu1266/starred{/owner}{/repo}"
                          },
                          {
                            "k": "subscriptions_url",
                            "v": "https://api.github.com/users/Hieu1266/subscriptions"
                          },
                          {
                            "k": "type",
                            "v": "User"
                          },
                          {
                            "k": "url",
                            "v": "https://api.github.com/users/Hieu1266"
                          },
                          {
                            "k": "user_view_type",
                            "v": "public"
                          }
                        ]
                      }
                    },
                    {
                      "k": "private",
                      "v": false
                    },
                    {
                      "k": "pull_request_creation_policy",
                      "v": "all"
                    },
                    {
                      "k": "pulls_url",
                      "v": "https://api.github.com/repos/Hieu1266/TestK8s/pulls{/number}"
                    },
                    {
                      "k": "pushed_at",
                      "v": 1787302742.0
                    },
                    {
                      "k": "releases_url",
                      "v": "https://api.github.com/repos/Hieu1266/TestK8s/releases{/id}"
                    },
                    {
                      "k": "size",
                      "v": 0.0
                    },
                    {
                      "k": "ssh_url",
                      "v": "git@github.com:Hieu1266/TestK8s.git"
                    },
                    {
                      "k": "stargazers",
                      "v": 0.0
                    },
                    {
                      "k": "stargazers_count",
                      "v": 0.0
                    },
                    {
                      "k": "stargazers_url",
                      "v": "https://api.github.com/repos/Hieu1266/TestK8s/stargazers"
                    },
                    {
                      "k": "statuses_url",
                      "v": "https://api.github.com/repos/Hieu1266/TestK8s/statuses/{sha}"
                    },
                    {
                      "k": "subscribers_url",
                      "v": "https://api.github.com/repos/Hieu1266/TestK8s/subscribers"
                    },
                    {
                      "k": "subscription_url",
                      "v": "https://api.github.com/repos/Hieu1266/TestK8s/subscription"
                    },
                    {
                      "k": "svn_url",
                      "v": "https://github.com/Hieu1266/TestK8s"
                    },
                    {
                      "k": "tags_url",
                      "v": "https://api.github.com/repos/Hieu1266/TestK8s/tags"
                    },
                    {
                      "k": "teams_url",
                      "v": "https://api.github.com/repos/Hieu1266/TestK8s/teams"
                    },
                    {
                      "k": "topics",
                      "v": {
                        "t": 1
                      }
                    },
                    {
                      "k": "trees_url",
                      "v": "https://api.github.com/repos/Hieu1266/TestK8s/git/trees{/sha}"
                    },
                    {
                      "k": "updated_at",
                      "v": "2026-08-21T08:52:45Z"
                    },
                    {
                      "k": "url",
                      "v": "https://api.github.com/repos/Hieu1266/TestK8s"
                    },
                    {
                      "k": "visibility",
                      "v": "public"
                    },
                    {
                      "k": "watchers",
                      "v": 0.0
                    },
                    {
                      "k": "watchers_count",
                      "v": 0.0
                    },
                    {
                      "k": "web_commit_signoff_required",
                      "v": false
                    }
                  ]
                }
              },
              {
                "k": "sender",
                "v": {
                  "t": 2,
                  "d": [
                    {
                      "k": "avatar_url",
                      "v": "https://avatars.githubusercontent.com/u/181964307?v=4"
                    },
                    {
                      "k": "events_url",
                      "v": "https://api.github.com/users/Hieu1266/events{/privacy}"
                    },
                    {
                      "k": "followers_url",
                      "v": "https://api.github.com/users/Hieu1266/followers"
                    },
                    {
                      "k": "following_url",
                      "v": "https://api.github.com/users/Hieu1266/following{/other_user}"
                    },
                    {
                      "k": "gists_url",
                      "v": "https://api.github.com/users/Hieu1266/gists{/gist_id}"
                    },
                    {
                      "k": "gravatar_id",
                      "v": ""
                    },
                    {
                      "k": "html_url",
                      "v": "https://github.com/Hieu1266"
                    },
                    {
                      "k": "id",
                      "v": 181964307.0
                    },
                    {
                      "k": "login",
                      "v": "Hieu1266"
                    },
                    {
                      "k": "node_id",
                      "v": "U_kgDOCtiOEw"
                    },
                    {
                      "k": "organizations_url",
                      "v": "https://api.github.com/users/Hieu1266/orgs"
                    },
                    {
                      "k": "received_events_url",
                      "v": "https://api.github.com/users/Hieu1266/received_events"
                    },
                    {
                      "k": "repos_url",
                      "v": "https://api.github.com/users/Hieu1266/repos"
                    },
                    {
                      "k": "site_admin",
                      "v": false
                    },
                    {
                      "k": "starred_url",
                      "v": "https://api.github.com/users/Hieu1266/starred{/owner}{/repo}"
                    },
                    {
                      "k": "subscriptions_url",
                      "v": "https://api.github.com/users/Hieu1266/subscriptions"
                    },
                    {
                      "k": "type",
                      "v": "User"
                    },
                    {
                      "k": "url",
                      "v": "https://api.github.com/users/Hieu1266"
                    },
                    {
                      "k": "user_view_type",
                      "v": "public"
                    }
                  ]
                }
              }
            ]
          }
        },
        {
          "k": "workflow_ref",
          "v": "Hieu1266/TestK8s/.github/workflows/deploy.yml@refs/heads/main"
        },
        {
          "k": "workflow_sha",
          "v": "4d990b1dfef1cef3aa29af991eb4aa11a13d586c"
        },
        {
          "k": "repository_id",
          "v": "1341572615"
        },
        {
          "k": "triggering_actor",
          "v": "Hieu1266"
        }
      ]
    },
    "inputs": {
      "t": 2
    },
    "job": {
      "t": 2,
      "d": [
        {
          "k": "check_run_id",
          "v": 96722101343.0
        },
        {
          "k": "workflow_ref",
          "v": "Hieu1266/TestK8s/.github/workflows/deploy.yml@refs/heads/main"
        },
        {
          "k": "workflow_sha",
          "v": "4d990b1dfef1cef3aa29af991eb4aa11a13d586c"
        },
        {
          "k": "workflow_repository",
          "v": "Hieu1266/TestK8s"
        },
        {
          "k": "workflow_file_path",
          "v": ".github/workflows/deploy.yml"
        }
      ]
    },
    "matrix": null,
    "needs": {
      "t": 2,
      "d": [
        {
          "k": "build-backend",
          "v": {
            "t": 2,
            "d": [
              {
                "k": "result",
                "v": "success"
              },
              {
                "k": "outputs",
                "v": {
                  "t": 2
                }
              }
            ]
          }
        },
        {
          "k": "build-frontend",
          "v": {
            "t": 2,
            "d": [
              {
                "k": "result",
                "v": "success"
              },
              {
                "k": "outputs",
                "v": {
                  "t": 2
                }
              }
            ]
          }
        }
      ]
    },
    "strategy": {
      "t": 2,
      "d": [
        {
          "k": "fail-fast",
          "v": true
        },
        {
          "k": "job-index",
          "v": 0.0
        },
        {
          "k": "job-total",
          "v": 1.0
        },
        {
          "k": "max-parallel",
          "v": 1.0
        }
      ]
    },
    "vars": {
      "t": 2
    }
  },
  "billingOwnerId": "U_kgDOCtiOEw"
}
[2026-08-21 09:00:02Z INFO JobRunner] Job ID b1b1a841-c9ba-5827-b4f3-f5ce88482ae7
[2026-08-21 09:00:02Z INFO ConfigurationStore] currentAssemblyLocation: D:\Remote-Learning---LUMER\Remote-Learning-LUMER\actions-runner\bin\Runner.Worker.dll
[2026-08-21 09:00:02Z INFO HostContext] Well known directory 'Bin': 'D:\Remote-Learning---LUMER\Remote-Learning-LUMER\actions-runner\bin'
[2026-08-21 09:00:02Z INFO ConfigurationStore] binPath: D:\Remote-Learning---LUMER\Remote-Learning-LUMER\actions-runner\bin
[2026-08-21 09:00:02Z INFO HostContext] Well known directory 'Bin': 'D:\Remote-Learning---LUMER\Remote-Learning-LUMER\actions-runner\bin'
[2026-08-21 09:00:02Z INFO HostContext] Well known directory 'Root': 'D:\Remote-Learning---LUMER\Remote-Learning-LUMER\actions-runner'
[2026-08-21 09:00:02Z INFO ConfigurationStore] RootFolder: D:\Remote-Learning---LUMER\Remote-Learning-LUMER\actions-runner
[2026-08-21 09:00:02Z INFO HostContext] Well known directory 'Bin': 'D:\Remote-Learning---LUMER\Remote-Learning-LUMER\actions-runner\bin'
[2026-08-21 09:00:02Z INFO HostContext] Well known directory 'Root': 'D:\Remote-Learning---LUMER\Remote-Learning-LUMER\actions-runner'
[2026-08-21 09:00:02Z INFO HostContext] Well known config file 'Runner': 'D:\Remote-Learning---LUMER\Remote-Learning-LUMER\actions-runner\.runner'
[2026-08-21 09:00:02Z INFO ConfigurationStore] ConfigFilePath: D:\Remote-Learning---LUMER\Remote-Learning-LUMER\actions-runner\.runner
[2026-08-21 09:00:02Z INFO HostContext] Well known directory 'Bin': 'D:\Remote-Learning---LUMER\Remote-Learning-LUMER\actions-runner\bin'
[2026-08-21 09:00:02Z INFO HostContext] Well known directory 'Root': 'D:\Remote-Learning---LUMER\Remote-Learning-LUMER\actions-runner'
[2026-08-21 09:00:02Z INFO HostContext] Well known config file 'MigratedRunner': 'D:\Remote-Learning---LUMER\Remote-Learning-LUMER\actions-runner\.runner_migrated'
[2026-08-21 09:00:02Z INFO ConfigurationStore] MigratedConfigFilePath: D:\Remote-Learning---LUMER\Remote-Learning-LUMER\actions-runner\.runner_migrated
[2026-08-21 09:00:02Z INFO HostContext] Well known directory 'Bin': 'D:\Remote-Learning---LUMER\Remote-Learning-LUMER\actions-runner\bin'
[2026-08-21 09:00:02Z INFO HostContext] Well known directory 'Root': 'D:\Remote-Learning---LUMER\Remote-Learning-LUMER\actions-runner'
[2026-08-21 09:00:02Z INFO HostContext] Well known config file 'Credentials': 'D:\Remote-Learning---LUMER\Remote-Learning-LUMER\actions-runner\.credentials'
[2026-08-21 09:00:02Z INFO ConfigurationStore] CredFilePath: D:\Remote-Learning---LUMER\Remote-Learning-LUMER\actions-runner\.credentials
[2026-08-21 09:00:02Z INFO HostContext] Well known directory 'Bin': 'D:\Remote-Learning---LUMER\Remote-Learning-LUMER\actions-runner\bin'
[2026-08-21 09:00:02Z INFO HostContext] Well known directory 'Root': 'D:\Remote-Learning---LUMER\Remote-Learning-LUMER\actions-runner'
[2026-08-21 09:00:02Z INFO HostContext] Well known config file 'MigratedCredentials': 'D:\Remote-Learning---LUMER\Remote-Learning-LUMER\actions-runner\.credentials_migrated'
[2026-08-21 09:00:02Z INFO ConfigurationStore] MigratedCredFilePath: D:\Remote-Learning---LUMER\Remote-Learning-LUMER\actions-runner\.credentials_migrated
[2026-08-21 09:00:02Z INFO HostContext] Well known directory 'Bin': 'D:\Remote-Learning---LUMER\Remote-Learning-LUMER\actions-runner\bin'
[2026-08-21 09:00:02Z INFO HostContext] Well known directory 'Root': 'D:\Remote-Learning---LUMER\Remote-Learning-LUMER\actions-runner'
[2026-08-21 09:00:02Z INFO HostContext] Well known config file 'Service': 'D:\Remote-Learning---LUMER\Remote-Learning-LUMER\actions-runner\.service'
[2026-08-21 09:00:02Z INFO ConfigurationStore] ServiceConfigFilePath: D:\Remote-Learning---LUMER\Remote-Learning-LUMER\actions-runner\.service
[2026-08-21 09:00:02Z INFO ConfigurationStore] Read setting file: 384 chars
[2026-08-21 09:00:02Z INFO JobRunner] Initializing launch client
[2026-08-21 09:00:02Z INFO JobServerQueue] Initializing results client
[2026-08-21 09:00:02Z INFO ResultServer] Creating websocket client ...wss://results-receiver.actions.githubusercontent.com/_ws/ingest.sock
[2026-08-21 09:00:02Z INFO ResultServer] Attempting to start websocket client with delay 00:00:00.
[2026-08-21 09:00:02Z INFO JobServerQueue] Start process web console line queue.
[2026-08-21 09:00:02Z INFO JobServerQueue] Start process file upload queue.
[2026-08-21 09:00:02Z INFO JobServerQueue] Start results file upload queue.
[2026-08-21 09:00:02Z INFO JobServerQueue] Starting results-based upload queue...
[2026-08-21 09:00:02Z INFO JobServerQueue] Start process timeline update queue.
[2026-08-21 09:00:02Z INFO ExecutionContext] Initializing Job context
[2026-08-21 09:00:02Z INFO ExecutionContext] Initialize GitHub context
[2026-08-21 09:00:02Z INFO ExecutionContext] Initialize Env context
[2026-08-21 09:00:02Z INFO HostContext] Well known directory 'Bin': 'D:\Remote-Learning---LUMER\Remote-Learning-LUMER\actions-runner\bin'
[2026-08-21 09:00:02Z INFO HostContext] Well known directory 'Root': 'D:\Remote-Learning---LUMER\Remote-Learning-LUMER\actions-runner'
[2026-08-21 09:00:02Z INFO HostContext] Well known directory 'Diag': 'D:\Remote-Learning---LUMER\Remote-Learning-LUMER\actions-runner\_diag'
[2026-08-21 09:00:02Z INFO HostContext] Well known directory 'Bin': 'D:\Remote-Learning---LUMER\Remote-Learning-LUMER\actions-runner\bin'
[2026-08-21 09:00:02Z INFO HostContext] Well known directory 'Root': 'D:\Remote-Learning---LUMER\Remote-Learning-LUMER\actions-runner'
[2026-08-21 09:00:02Z INFO HostContext] Well known directory 'Diag': 'D:\Remote-Learning---LUMER\Remote-Learning-LUMER\actions-runner\_diag'
[2026-08-21 09:00:02Z INFO JobRunner] Starting the job execution context.
[2026-08-21 09:00:02Z INFO HostContext] Well known directory 'Bin': 'D:\Remote-Learning---LUMER\Remote-Learning-LUMER\actions-runner\bin'
[2026-08-21 09:00:02Z INFO HostContext] Well known directory 'Root': 'D:\Remote-Learning---LUMER\Remote-Learning-LUMER\actions-runner'
[2026-08-21 09:00:02Z INFO HostContext] Well known directory 'Work': 'D:\Remote-Learning---LUMER\Remote-Learning-LUMER\actions-runner\_work'
[2026-08-21 09:00:02Z INFO JobRunner] Validating directory permissions for: 'D:\Remote-Learning---LUMER\Remote-Learning-LUMER\actions-runner\_work'
[2026-08-21 09:00:02Z INFO HostContext] Well known directory 'Bin': 'D:\Remote-Learning---LUMER\Remote-Learning-LUMER\actions-runner\bin'
[2026-08-21 09:00:02Z INFO HostContext] Well known directory 'Root': 'D:\Remote-Learning---LUMER\Remote-Learning-LUMER\actions-runner'
[2026-08-21 09:00:02Z INFO HostContext] Well known directory 'Work': 'D:\Remote-Learning---LUMER\Remote-Learning-LUMER\actions-runner\_work'
[2026-08-21 09:00:02Z INFO HostContext] Well known directory 'Tools': 'D:\Remote-Learning---LUMER\Remote-Learning-LUMER\actions-runner\_work\_tool'
[2026-08-21 09:00:02Z INFO HostContext] Well known directory 'Bin': 'D:\Remote-Learning---LUMER\Remote-Learning-LUMER\actions-runner\bin'
[2026-08-21 09:00:02Z INFO HostContext] Well known directory 'Root': 'D:\Remote-Learning---LUMER\Remote-Learning-LUMER\actions-runner'
[2026-08-21 09:00:02Z INFO HostContext] Well known directory 'Work': 'D:\Remote-Learning---LUMER\Remote-Learning-LUMER\actions-runner\_work'
[2026-08-21 09:00:02Z INFO HostContext] Well known directory 'Temp': 'D:\Remote-Learning---LUMER\Remote-Learning-LUMER\actions-runner\_work\_temp'
[2026-08-21 09:00:02Z INFO JobRunner] Getting job extension.
[2026-08-21 09:00:02Z INFO JobRunner] Initialize job. Getting all job steps.
[2026-08-21 09:00:02Z INFO HostContext] Well known directory 'Bin': 'D:\Remote-Learning---LUMER\Remote-Learning-LUMER\actions-runner\bin'
[2026-08-21 09:00:02Z INFO HostContext] Well known directory 'Root': 'D:\Remote-Learning---LUMER\Remote-Learning-LUMER\actions-runner'
[2026-08-21 09:00:02Z INFO HostContext] Well known directory 'Diag': 'D:\Remote-Learning---LUMER\Remote-Learning-LUMER\actions-runner\_diag'
[2026-08-21 09:00:02Z INFO HostContext] Well known directory 'Bin': 'D:\Remote-Learning---LUMER\Remote-Learning-LUMER\actions-runner\bin'
[2026-08-21 09:00:02Z INFO HostContext] Well known directory 'Root': 'D:\Remote-Learning---LUMER\Remote-Learning-LUMER\actions-runner'
[2026-08-21 09:00:02Z INFO HostContext] Well known directory 'Diag': 'D:\Remote-Learning---LUMER\Remote-Learning-LUMER\actions-runner\_diag'
[2026-08-21 09:00:02Z INFO HostContext] Well known directory 'Bin': 'D:\Remote-Learning---LUMER\Remote-Learning-LUMER\actions-runner\bin'
[2026-08-21 09:00:02Z INFO HostContext] Well known directory 'Root': 'D:\Remote-Learning---LUMER\Remote-Learning-LUMER\actions-runner'
[2026-08-21 09:00:02Z INFO HostContext] Well known config file 'Credentials': 'D:\Remote-Learning---LUMER\Remote-Learning-LUMER\actions-runner\.credentials'
[2026-08-21 09:00:02Z INFO HostContext] Well known directory 'Bin': 'D:\Remote-Learning---LUMER\Remote-Learning-LUMER\actions-runner\bin'
[2026-08-21 09:00:02Z INFO HostContext] Well known directory 'Root': 'D:\Remote-Learning---LUMER\Remote-Learning-LUMER\actions-runner'
[2026-08-21 09:00:02Z INFO HostContext] Well known config file 'SetupInfo': 'D:\Remote-Learning---LUMER\Remote-Learning-LUMER\actions-runner\.setup_info'
[2026-08-21 09:00:02Z INFO HostContext] Well known directory 'Bin': 'D:\Remote-Learning---LUMER\Remote-Learning-LUMER\actions-runner\bin'
[2026-08-21 09:00:02Z INFO HostContext] Well known directory 'Root': 'D:\Remote-Learning---LUMER\Remote-Learning-LUMER\actions-runner'
[2026-08-21 09:00:02Z INFO HostContext] Well known directory 'Work': 'D:\Remote-Learning---LUMER\Remote-Learning-LUMER\actions-runner\_work'
[2026-08-21 09:00:02Z INFO PipelineDirectoryManager] Loading tracking config if exists: D:\Remote-Learning---LUMER\Remote-Learning-LUMER\actions-runner\_work\_PipelineMapping\Hieu1266/TestK8s\PipelineFolder.json
[2026-08-21 09:00:02Z INFO PipelineDirectoryManager] Updating job run properties.
[2026-08-21 09:00:02Z INFO HostContext] Well known directory 'Bin': 'D:\Remote-Learning---LUMER\Remote-Learning-LUMER\actions-runner\bin'
[2026-08-21 09:00:02Z INFO HostContext] Well known directory 'Root': 'D:\Remote-Learning---LUMER\Remote-Learning-LUMER\actions-runner'
[2026-08-21 09:00:02Z INFO HostContext] Well known directory 'Work': 'D:\Remote-Learning---LUMER\Remote-Learning-LUMER\actions-runner\_work'
[2026-08-21 09:00:02Z INFO HostContext] Well known directory 'Bin': 'D:\Remote-Learning---LUMER\Remote-Learning-LUMER\actions-runner\bin'
[2026-08-21 09:00:02Z INFO HostContext] Well known directory 'Root': 'D:\Remote-Learning---LUMER\Remote-Learning-LUMER\actions-runner'
[2026-08-21 09:00:02Z INFO HostContext] Well known directory 'Work': 'D:\Remote-Learning---LUMER\Remote-Learning-LUMER\actions-runner\_work'
[2026-08-21 09:00:02Z INFO HostContext] Well known directory 'Bin': 'D:\Remote-Learning---LUMER\Remote-Learning-LUMER\actions-runner\bin'
[2026-08-21 09:00:02Z INFO HostContext] Well known directory 'Root': 'D:\Remote-Learning---LUMER\Remote-Learning-LUMER\actions-runner'
[2026-08-21 09:00:02Z INFO HostContext] Well known directory 'Work': 'D:\Remote-Learning---LUMER\Remote-Learning-LUMER\actions-runner\_work'
[2026-08-21 09:00:03Z INFO JobExtension] Downloading actions
[2026-08-21 09:00:03Z INFO HostContext] Well known directory 'Bin': 'D:\Remote-Learning---LUMER\Remote-Learning-LUMER\actions-runner\bin'
[2026-08-21 09:00:03Z INFO HostContext] Well known directory 'Root': 'D:\Remote-Learning---LUMER\Remote-Learning-LUMER\actions-runner'
[2026-08-21 09:00:03Z INFO HostContext] Well known directory 'Work': 'D:\Remote-Learning---LUMER\Remote-Learning-LUMER\actions-runner\_work'
[2026-08-21 09:00:03Z INFO HostContext] Well known directory 'Actions': 'D:\Remote-Learning---LUMER\Remote-Learning-LUMER\actions-runner\_work\_actions'
[2026-08-21 09:00:03Z INFO Worker] Listening for cancel message from the channel.
[2026-08-21 09:00:03Z INFO Worker] Waiting for the job to complete or for a cancel message from the channel.
[2026-08-21 09:00:03Z INFO ResultServer] Successfully started websocket client.
[2026-08-21 09:00:03Z INFO JobServerQueue] Try to append 1 batches web console lines for record '0da900d8-909b-4473-9dc2-9e52f11e0ba1', success rate: 1/1.
[2026-08-21 09:00:03Z INFO HostContext] Well known directory 'Bin': 'D:\Remote-Learning---LUMER\Remote-Learning-LUMER\actions-runner\bin'
[2026-08-21 09:00:03Z INFO HostContext] Well known directory 'Root': 'D:\Remote-Learning---LUMER\Remote-Learning-LUMER\actions-runner'
[2026-08-21 09:00:03Z INFO HostContext] Well known directory 'Work': 'D:\Remote-Learning---LUMER\Remote-Learning-LUMER\actions-runner\_work'
[2026-08-21 09:00:03Z INFO HostContext] Well known directory 'Actions': 'D:\Remote-Learning---LUMER\Remote-Learning-LUMER\actions-runner\_work\_actions'
[2026-08-21 09:00:03Z INFO HostContext] Well known directory 'Bin': 'D:\Remote-Learning---LUMER\Remote-Learning-LUMER\actions-runner\bin'
[2026-08-21 09:00:03Z INFO HostContext] Well known directory 'Root': 'D:\Remote-Learning---LUMER\Remote-Learning-LUMER\actions-runner'
[2026-08-21 09:00:03Z INFO HostContext] Well known directory 'Work': 'D:\Remote-Learning---LUMER\Remote-Learning-LUMER\actions-runner\_work'
[2026-08-21 09:00:03Z INFO HostContext] Well known directory 'Actions': 'D:\Remote-Learning---LUMER\Remote-Learning-LUMER\actions-runner\_work\_actions'
[2026-08-21 09:00:03Z INFO ActionManager] Save archive 'https://codeload.github.com/actions/checkout/zip/11d5960a326750d5838078e36cf38b85af677262' into D:\Remote-Learning---LUMER\Remote-Learning-LUMER\actions-runner\_work\_actions\_temp_dffc34ce-a507-4f4e-9d6d-486a5d5d09e0\b79459b6-5d76-40ca-a7df-8888783b654e.zip.
[2026-08-21 09:00:03Z INFO ActionManager] Using Basic token for action archive download.
[2026-08-21 09:00:04Z INFO JobServerQueue] Try to append 1 batches web console lines for record '0da900d8-909b-4473-9dc2-9e52f11e0ba1', success rate: 1/1.
[2026-08-21 09:00:04Z INFO JobServerQueue] Job timeline record has been updated for the first time.
[2026-08-21 09:00:04Z INFO ActionManager] Request URL: https://codeload.github.com/actions/checkout/zip/11d5960a326750d5838078e36cf38b85af677262 X-GitHub-Request-Id: 4170:733D5:37357:BEDBA:6A8813C0 Http Status: OK
[2026-08-21 09:00:04Z INFO ActionManager] Finished getting action repository.
[2026-08-21 09:00:04Z INFO HostContext] Well known directory 'Bin': 'D:\Remote-Learning---LUMER\Remote-Learning-LUMER\actions-runner\bin'
[2026-08-21 09:00:04Z INFO HostContext] Well known directory 'Root': 'D:\Remote-Learning---LUMER\Remote-Learning-LUMER\actions-runner'
[2026-08-21 09:00:04Z INFO HostContext] Well known directory 'Work': 'D:\Remote-Learning---LUMER\Remote-Learning-LUMER\actions-runner\_work'
[2026-08-21 09:00:04Z INFO HostContext] Well known directory 'Actions': 'D:\Remote-Learning---LUMER\Remote-Learning-LUMER\actions-runner\_work\_actions'
[2026-08-21 09:00:04Z INFO ActionManifestManagerLegacy] Load schema file with definitions: [
  "null",
  "boolean",
  "number",
  "string",
  "sequence",
  "mapping",
  "any",
  "action-root",
  "inputs",
  "input",
  "outputs",
  "output-definition",
  "runs",
  "container-runs",
  "container-runs-args",
  "container-runs-env",
  "node-runs",
  "plugin-runs",
  "composite-runs",
  "composite-steps",
  "composite-step",
  "run-step",
  "uses-step",
  "container-runs-context",
  "output-value",
  "input-default-context",
  "non-empty-string",
  "string-steps-context",
  "boolean-steps-context",
  "step-env",
  "step-if",
  "step-with"
]
[2026-08-21 09:00:04Z INFO ActionManifestManager] Load schema file with definitions: [
  "null",
  "boolean",
  "number",
  "string",
  "sequence",
  "mapping",
  "any",
  "action-root",
  "inputs",
  "input",
  "outputs",
  "output-definition",
  "runs",
  "container-runs",
  "container-runs-args",
  "container-runs-env",
  "node-runs",
  "plugin-runs",
  "composite-runs",
  "composite-steps",
  "composite-step",
  "run-step",
  "uses-step",
  "container-runs-context",
  "output-value",
  "input-default-context",
  "non-empty-string",
  "string-steps-context",
  "boolean-steps-context",
  "step-env",
  "step-if",
  "step-with"
]
[2026-08-21 09:00:04Z INFO HostContext] Well known directory 'Bin': 'D:\Remote-Learning---LUMER\Remote-Learning-LUMER\actions-runner\bin'
[2026-08-21 09:00:04Z INFO HostContext] Well known directory 'Root': 'D:\Remote-Learning---LUMER\Remote-Learning-LUMER\actions-runner'
[2026-08-21 09:00:04Z INFO HostContext] Well known directory 'Work': 'D:\Remote-Learning---LUMER\Remote-Learning-LUMER\actions-runner\_work'
[2026-08-21 09:00:04Z INFO HostContext] Well known directory 'Actions': 'D:\Remote-Learning---LUMER\Remote-Learning-LUMER\actions-runner\_work\_actions'
[2026-08-21 09:00:04Z INFO ActionManifestManagerLegacy] Loaded action.yml file: {
  "name": "Checkout",
  "description": "Checkout a Git repository at a particular version",
  "inputs": {
    "type": 2,
    "map": [
      {
        "key": {
          "type": 0,
          "file": 2,
          "line": 4,
          "col": 3,
          "lit": "repository"
        },
        "value": {
          "type": 3,
          "file": 2,
          "line": 6,
          "col": 14,
          "expr": "github.repository"
        }
      },
      {
        "key": {
          "type": 0,
          "file": 2,
          "line": 7,
          "col": 3,
          "lit": "ref"
        },
        "value": ""
      },
      {
        "key": {
          "type": 0,
          "file": 2,
          "line": 12,
          "col": 3,
          "lit": "token"
        },
        "value": {
          "type": 3,
          "file": 2,
          "line": 24,
          "col": 14,
          "expr": "github.token"
        }
      },
      {
        "key": {
          "type": 0,
          "file": 2,
          "line": 25,
          "col": 3,
          "lit": "ssh-key"
        },
        "value": ""
      },
      {
        "key": {
          "type": 0,
          "file": 2,
          "line": 37,
          "col": 3,
          "lit": "ssh-known-hosts"
        },
        "value": ""
      },
      {
        "key": {
          "type": 0,
          "file": 2,
          "line": 42,
          "col": 3,
          "lit": "ssh-strict"
        },
        "value": {
          "type": 0,
          "file": 2,
          "line": 47,
          "col": 14,
          "lit": "true"
        }
      },
      {
        "key": {
          "type": 0,
          "file": 2,
          "line": 48,
          "col": 3,
          "lit": "ssh-user"
        },
        "value": {
          "type": 0,
          "file": 2,
          "line": 51,
          "col": 14,
          "lit": "git"
        }
      },
      {
        "key": {
          "type": 0,
          "file": 2,
          "line": 52,
          "col": 3,
          "lit": "persist-credentials"
        },
        "value": {
          "type": 0,
          "file": 2,
          "line": 54,
          "col": 14,
          "lit": "true"
        }
      },
      {
        "key": {
          "type": 0,
          "file": 2,
          "line": 55,
          "col": 3,
          "lit": "path"
        },
        "value": ""
      },
      {
        "key": {
          "type": 0,
          "file": 2,
          "line": 57,
          "col": 3,
          "lit": "clean"
        },
        "value": {
          "type": 0,
          "file": 2,
          "line": 59,
          "col": 14,
          "lit": "true"
        }
      },
      {
        "key": {
          "type": 0,
          "file": 2,
          "line": 60,
          "col": 3,
          "lit": "filter"
        },
        "value": {
          "type": 0,
          "file": 2,
          "line": 64,
          "col": 14,
          "lit": ""
        }
      },
      {
        "key": {
          "type": 0,
          "file": 2,
          "line": 65,
          "col": 3,
          "lit": "sparse-checkout"
        },
        "value": {
          "type": 0,
          "file": 2,
          "line": 69,
          "col": 14,
          "lit": ""
        }
      },
      {
        "key": {
          "type": 0,
          "file": 2,
          "line": 70,
          "col": 3,
          "lit": "sparse-checkout-cone-mode"
        },
        "value": {
          "type": 0,
          "file": 2,
          "line": 73,
          "col": 14,
          "lit": "true"
        }
      },
      {
        "key": {
          "type": 0,
          "file": 2,
          "line": 74,
          "col": 3,
          "lit": "fetch-depth"
        },
        "value": {
          "type": 0,
          "file": 2,
          "line": 76,
          "col": 14,
          "lit": "1"
        }
      },
      {
        "key": {
          "type": 0,
          "file": 2,
          "line": 77,
          "col": 3,
          "lit": "fetch-tags"
        },
        "value": {
          "type": 0,
          "file": 2,
          "line": 79,
          "col": 14,
          "lit": "false"
        }
      },
      {
        "key": {
          "type": 0,
          "file": 2,
          "line": 80,
          "col": 3,
          "lit": "show-progress"
        },
        "value": {
          "type": 0,
          "file": 2,
          "line": 82,
          "col": 14,
          "lit": "true"
        }
      },
      {
        "key": {
          "type": 0,
          "file": 2,
          "line": 83,
          "col": 3,
          "lit": "lfs"
        },
        "value": {
          "type": 0,
          "file": 2,
          "line": 85,
          "col": 14,
          "lit": "false"
        }
      },
      {
        "key": {
          "type": 0,
          "file": 2,
          "line": 86,
          "col": 3,
          "lit": "submodules"
        },
        "value": {
          "type": 0,
          "file": 2,
          "line": 94,
          "col": 14,
          "lit": "false"
        }
      },
      {
        "key": {
          "type": 0,
          "file": 2,
          "line": 95,
          "col": 3,
          "lit": "set-safe-directory"
        },
        "value": {
          "type": 0,
          "file": 2,
          "line": 97,
          "col": 14,
          "lit": "true"
        }
      },
      {
        "key": {
          "type": 0,
          "file": 2,
          "line": 98,
          "col": 3,
          "lit": "github-server-url"
        },
        "value": ""
      },
      {
        "key": {
          "type": 0,
          "file": 2,
          "line": 101,
          "col": 3,
          "lit": "allow-unsafe-pr-checkout"
        },
        "value": {
          "type": 0,
          "file": 2,
          "line": 109,
          "col": 14,
          "lit": "false"
        }
      }
    ]
  },
  "execution": {
    "executionType": "nodeJS",
    "hasPre": false,
    "hasPost": true,
    "script": "dist/index.js",
    "pre": null,
    "post": "dist/index.js",
    "nodeVersion": "node20",
    "cleanupCondition": "always()",
    "initCondition": "always()"
  },
  "deprecated": null
}
[2026-08-21 09:00:04Z INFO ActionManager] Action node.js file: dist/index.js, no more preparation.
[2026-08-21 09:00:04Z INFO HostContext] Well known directory 'Bin': 'D:\Remote-Learning---LUMER\Remote-Learning-LUMER\actions-runner\bin'
[2026-08-21 09:00:04Z INFO HostContext] Well known directory 'Root': 'D:\Remote-Learning---LUMER\Remote-Learning-LUMER\actions-runner'
[2026-08-21 09:00:04Z INFO HostContext] Well known directory 'Work': 'D:\Remote-Learning---LUMER\Remote-Learning-LUMER\actions-runner\_work'
[2026-08-21 09:00:04Z INFO HostContext] Well known directory 'Actions': 'D:\Remote-Learning---LUMER\Remote-Learning-LUMER\actions-runner\_work\_actions'
[2026-08-21 09:00:04Z INFO ActionManager] Load action that reference repository from 'D:\Remote-Learning---LUMER\Remote-Learning-LUMER\actions-runner\_work\_actions\actions\checkout\v4'
[2026-08-21 09:00:04Z INFO HostContext] Well known directory 'Bin': 'D:\Remote-Learning---LUMER\Remote-Learning-LUMER\actions-runner\bin'
[2026-08-21 09:00:04Z INFO HostContext] Well known directory 'Root': 'D:\Remote-Learning---LUMER\Remote-Learning-LUMER\actions-runner'
[2026-08-21 09:00:04Z INFO HostContext] Well known directory 'Work': 'D:\Remote-Learning---LUMER\Remote-Learning-LUMER\actions-runner\_work'
[2026-08-21 09:00:04Z INFO HostContext] Well known directory 'Actions': 'D:\Remote-Learning---LUMER\Remote-Learning-LUMER\actions-runner\_work\_actions'
[2026-08-21 09:00:04Z INFO ActionManifestManagerLegacy] Loaded action.yml file: {
  "name": "Checkout",
  "description": "Checkout a Git repository at a particular version",
  "inputs": {
    "type": 2,
    "map": [
      {
        "key": {
          "type": 0,
          "file": 2,
          "line": 4,
          "col": 3,
          "lit": "repository"
        },
        "value": {
          "type": 3,
          "file": 2,
          "line": 6,
          "col": 14,
          "expr": "github.repository"
        }
      },
      {
        "key": {
          "type": 0,
          "file": 2,
          "line": 7,
          "col": 3,
          "lit": "ref"
        },
        "value": ""
      },
      {
        "key": {
          "type": 0,
          "file": 2,
          "line": 12,
          "col": 3,
          "lit": "token"
        },
        "value": {
          "type": 3,
          "file": 2,
          "line": 24,
          "col": 14,
          "expr": "github.token"
        }
      },
      {
        "key": {
          "type": 0,
          "file": 2,
          "line": 25,
          "col": 3,
          "lit": "ssh-key"
        },
        "value": ""
      },
      {
        "key": {
          "type": 0,
          "file": 2,
          "line": 37,
          "col": 3,
          "lit": "ssh-known-hosts"
        },
        "value": ""
      },
      {
        "key": {
          "type": 0,
          "file": 2,
          "line": 42,
          "col": 3,
          "lit": "ssh-strict"
        },
        "value": {
          "type": 0,
          "file": 2,
          "line": 47,
          "col": 14,
          "lit": "true"
        }
      },
      {
        "key": {
          "type": 0,
          "file": 2,
          "line": 48,
          "col": 3,
          "lit": "ssh-user"
        },
        "value": {
          "type": 0,
          "file": 2,
          "line": 51,
          "col": 14,
          "lit": "git"
        }
      },
      {
        "key": {
          "type": 0,
          "file": 2,
          "line": 52,
          "col": 3,
          "lit": "persist-credentials"
        },
        "value": {
          "type": 0,
          "file": 2,
          "line": 54,
          "col": 14,
          "lit": "true"
        }
      },
      {
        "key": {
          "type": 0,
          "file": 2,
          "line": 55,
          "col": 3,
          "lit": "path"
        },
        "value": ""
      },
      {
        "key": {
          "type": 0,
          "file": 2,
          "line": 57,
          "col": 3,
          "lit": "clean"
        },
        "value": {
          "type": 0,
          "file": 2,
          "line": 59,
          "col": 14,
          "lit": "true"
        }
      },
      {
        "key": {
          "type": 0,
          "file": 2,
          "line": 60,
          "col": 3,
          "lit": "filter"
        },
        "value": {
          "type": 0,
          "file": 2,
          "line": 64,
          "col": 14,
          "lit": ""
        }
      },
      {
        "key": {
          "type": 0,
          "file": 2,
          "line": 65,
          "col": 3,
          "lit": "sparse-checkout"
        },
        "value": {
          "type": 0,
          "file": 2,
          "line": 69,
          "col": 14,
          "lit": ""
        }
      },
      {
        "key": {
          "type": 0,
          "file": 2,
          "line": 70,
          "col": 3,
          "lit": "sparse-checkout-cone-mode"
        },
        "value": {
          "type": 0,
          "file": 2,
          "line": 73,
          "col": 14,
          "lit": "true"
        }
      },
      {
        "key": {
          "type": 0,
          "file": 2,
          "line": 74,
          "col": 3,
          "lit": "fetch-depth"
        },
        "value": {
          "type": 0,
          "file": 2,
          "line": 76,
          "col": 14,
          "lit": "1"
        }
      },
      {
        "key": {
          "type": 0,
          "file": 2,
          "line": 77,
          "col": 3,
          "lit": "fetch-tags"
        },
        "value": {
          "type": 0,
          "file": 2,
          "line": 79,
          "col": 14,
          "lit": "false"
        }
      },
      {
        "key": {
          "type": 0,
          "file": 2,
          "line": 80,
          "col": 3,
          "lit": "show-progress"
        },
        "value": {
          "type": 0,
          "file": 2,
          "line": 82,
          "col": 14,
          "lit": "true"
        }
      },
      {
        "key": {
          "type": 0,
          "file": 2,
          "line": 83,
          "col": 3,
          "lit": "lfs"
        },
        "value": {
          "type": 0,
          "file": 2,
          "line": 85,
          "col": 14,
          "lit": "false"
        }
      },
      {
        "key": {
          "type": 0,
          "file": 2,
          "line": 86,
          "col": 3,
          "lit": "submodules"
        },
        "value": {
          "type": 0,
          "file": 2,
          "line": 94,
          "col": 14,
          "lit": "false"
        }
      },
      {
        "key": {
          "type": 0,
          "file": 2,
          "line": 95,
          "col": 3,
          "lit": "set-safe-directory"
        },
        "value": {
          "type": 0,
          "file": 2,
          "line": 97,
          "col": 14,
          "lit": "true"
        }
      },
      {
        "key": {
          "type": 0,
          "file": 2,
          "line": 98,
          "col": 3,
          "lit": "github-server-url"
        },
        "value": ""
      },
      {
        "key": {
          "type": 0,
          "file": 2,
          "line": 101,
          "col": 3,
          "lit": "allow-unsafe-pr-checkout"
        },
        "value": {
          "type": 0,
          "file": 2,
          "line": 109,
          "col": 14,
          "lit": "false"
        }
      }
    ]
  },
  "execution": {
    "executionType": "nodeJS",
    "hasPre": false,
    "hasPost": true,
    "script": "dist/index.js",
    "pre": null,
    "post": "dist/index.js",
    "nodeVersion": "node20",
    "cleanupCondition": "always()",
    "initCondition": "always()"
  },
  "deprecated": null
}
[2026-08-21 09:00:04Z INFO ActionManager] Action pre node.js file: N/A.
[2026-08-21 09:00:04Z INFO ActionManager] Action node.js file: dist/index.js.
[2026-08-21 09:00:04Z INFO ActionManager] Action post node.js file: dist/index.js.
[2026-08-21 09:00:04Z INFO JobExtension] Adding .
[2026-08-21 09:00:04Z INFO JobExtension] Adding .
[2026-08-21 09:00:04Z INFO HostContext] Well known directory 'Bin': 'D:\Remote-Learning---LUMER\Remote-Learning-LUMER\actions-runner\bin'
[2026-08-21 09:00:04Z INFO HostContext] Well known directory 'Root': 'D:\Remote-Learning---LUMER\Remote-Learning-LUMER\actions-runner'
[2026-08-21 09:00:04Z INFO HostContext] Well known directory 'Diag': 'D:\Remote-Learning---LUMER\Remote-Learning-LUMER\actions-runner\_diag'
[2026-08-21 09:00:04Z INFO HostContext] Well known directory 'Bin': 'D:\Remote-Learning---LUMER\Remote-Learning-LUMER\actions-runner\bin'
[2026-08-21 09:00:04Z INFO HostContext] Well known directory 'Root': 'D:\Remote-Learning---LUMER\Remote-Learning-LUMER\actions-runner'
[2026-08-21 09:00:04Z INFO HostContext] Well known directory 'Diag': 'D:\Remote-Learning---LUMER\Remote-Learning-LUMER\actions-runner\_diag'
[2026-08-21 09:00:04Z INFO HostContext] Well known directory 'Bin': 'D:\Remote-Learning---LUMER\Remote-Learning-LUMER\actions-runner\bin'
[2026-08-21 09:00:04Z INFO HostContext] Well known directory 'Root': 'D:\Remote-Learning---LUMER\Remote-Learning-LUMER\actions-runner'
[2026-08-21 09:00:04Z INFO HostContext] Well known directory 'Diag': 'D:\Remote-Learning---LUMER\Remote-Learning-LUMER\actions-runner\_diag'
[2026-08-21 09:00:04Z INFO HostContext] Well known directory 'Bin': 'D:\Remote-Learning---LUMER\Remote-Learning-LUMER\actions-runner\bin'
[2026-08-21 09:00:04Z INFO HostContext] Well known directory 'Root': 'D:\Remote-Learning---LUMER\Remote-Learning-LUMER\actions-runner'
[2026-08-21 09:00:04Z INFO HostContext] Well known directory 'Diag': 'D:\Remote-Learning---LUMER\Remote-Learning-LUMER\actions-runner\_diag'
[2026-08-21 09:00:04Z INFO JobExtension] Total accessible running process: 356.
[2026-08-21 09:00:04Z INFO HostContext] Well known directory 'Bin': 'D:\Remote-Learning---LUMER\Remote-Learning-LUMER\actions-runner\bin'
[2026-08-21 09:00:04Z INFO HostContext] Well known directory 'Root': 'D:\Remote-Learning---LUMER\Remote-Learning-LUMER\actions-runner'
[2026-08-21 09:00:04Z INFO HostContext] Well known directory 'Work': 'D:\Remote-Learning---LUMER\Remote-Learning-LUMER\actions-runner\_work'
[2026-08-21 09:00:04Z INFO JobExtension] Start checking server connectivity.
[2026-08-21 09:00:04Z INFO JobExtension] Check server connectivity for https://broker.actions.githubusercontent.com/health.
[2026-08-21 09:00:04Z INFO JobExtension] Check server connectivity for https://token.actions.githubusercontent.com/ready.
[2026-08-21 09:00:04Z INFO JobExtension] Check server connectivity for https://run.actions.githubusercontent.com/health.
[2026-08-21 09:00:04Z INFO JobExtension] Start checking service connectivity in background.
[2026-08-21 09:00:04Z INFO ExecutionContext] Publish step telemetry for current step {
  "action": "setup_job",
  "type": "runner",
  "stage": "Pre",
  "stepId": "0da900d8-909b-4473-9dc2-9e52f11e0ba1",
  "result": "succeeded",
  "errorMessages": [],
  "executionTimeInSeconds": 3,
  "startTime": "2026-08-21T09:00:02.9607398Z",
  "finishTime": "2026-08-21T09:00:04.9893725Z"
}.
[2026-08-21 09:00:04Z INFO JobRunner] Total job steps: 2.
[2026-08-21 09:00:05Z INFO JobRunner] Run all job steps.
[2026-08-21 09:00:05Z INFO DapDebugger] DapDebugger initialized
[2026-08-21 09:00:05Z INFO StepsRunner] Processing step: DisplayName='Checkout Code'
[2026-08-21 09:00:05Z INFO StepsRunner] Evaluating: success()
[2026-08-21 09:00:05Z INFO StepsRunner] Result: true
[2026-08-21 09:00:05Z INFO StepsRunner] Starting the step.
[2026-08-21 09:00:05Z INFO HostContext] Well known directory 'Bin': 'D:\Remote-Learning---LUMER\Remote-Learning-LUMER\actions-runner\bin'
[2026-08-21 09:00:05Z INFO HostContext] Well known directory 'Root': 'D:\Remote-Learning---LUMER\Remote-Learning-LUMER\actions-runner'
[2026-08-21 09:00:05Z INFO HostContext] Well known directory 'Work': 'D:\Remote-Learning---LUMER\Remote-Learning-LUMER\actions-runner\_work'
[2026-08-21 09:00:05Z INFO StepsRunner] Which2: 'chcp'
[2026-08-21 09:00:05Z INFO StepsRunner] Location: 'C:\Windows\system32\chcp.COM'
[2026-08-21 09:00:05Z INFO ProcessInvokerWrapper] Starting process:
[2026-08-21 09:00:05Z INFO ProcessInvokerWrapper]   File name: 'C:\Windows\system32\chcp.COM'
[2026-08-21 09:00:05Z INFO ProcessInvokerWrapper]   Arguments: '65001'
[2026-08-21 09:00:05Z INFO ProcessInvokerWrapper]   Working directory: 'D:\Remote-Learning---LUMER\Remote-Learning-LUMER\actions-runner\_work'
[2026-08-21 09:00:05Z INFO ProcessInvokerWrapper]   Require exit code zero: 'False'
[2026-08-21 09:00:05Z INFO ProcessInvokerWrapper]   Encoding web name:  ; code page: ''
[2026-08-21 09:00:05Z INFO ProcessInvokerWrapper]   Force kill process on cancellation: 'False'
[2026-08-21 09:00:05Z INFO ProcessInvokerWrapper]   Redirected STDIN: 'False'
[2026-08-21 09:00:05Z INFO ProcessInvokerWrapper]   Persist current code page: 'True'
[2026-08-21 09:00:05Z INFO ProcessInvokerWrapper]   Keep redirected STDIN open: 'False'
[2026-08-21 09:00:05Z INFO ProcessInvokerWrapper]   High priority process: 'False'
[2026-08-21 09:00:05Z INFO ProcessInvokerWrapper] Process started with process id 26356, waiting for process exit.
[2026-08-21 09:00:05Z INFO ProcessInvokerWrapper] STDOUT/STDERR stream read finished.
[2026-08-21 09:00:05Z INFO ProcessInvokerWrapper] STDOUT/STDERR stream read finished.
[2026-08-21 09:00:05Z INFO ProcessInvokerWrapper] Finished process 26356 with exit code 0, and elapsed time 00:00:00.0206755.
[2026-08-21 09:00:05Z INFO StepsRunner] Successfully returned to code page 65001 (UTF8)
[2026-08-21 09:00:05Z INFO HostContext] Well known directory 'Bin': 'D:\Remote-Learning---LUMER\Remote-Learning-LUMER\actions-runner\bin'
[2026-08-21 09:00:05Z INFO HostContext] Well known directory 'Root': 'D:\Remote-Learning---LUMER\Remote-Learning-LUMER\actions-runner'
[2026-08-21 09:00:05Z INFO HostContext] Well known directory 'Work': 'D:\Remote-Learning---LUMER\Remote-Learning-LUMER\actions-runner\_work'
[2026-08-21 09:00:05Z INFO HostContext] Well known directory 'Actions': 'D:\Remote-Learning---LUMER\Remote-Learning-LUMER\actions-runner\_work\_actions'
[2026-08-21 09:00:05Z INFO ActionManager] Load action that reference repository from 'D:\Remote-Learning---LUMER\Remote-Learning-LUMER\actions-runner\_work\_actions\actions\checkout\v4'
[2026-08-21 09:00:05Z INFO HostContext] Well known directory 'Bin': 'D:\Remote-Learning---LUMER\Remote-Learning-LUMER\actions-runner\bin'
[2026-08-21 09:00:05Z INFO HostContext] Well known directory 'Root': 'D:\Remote-Learning---LUMER\Remote-Learning-LUMER\actions-runner'
[2026-08-21 09:00:05Z INFO HostContext] Well known directory 'Work': 'D:\Remote-Learning---LUMER\Remote-Learning-LUMER\actions-runner\_work'
[2026-08-21 09:00:05Z INFO HostContext] Well known directory 'Actions': 'D:\Remote-Learning---LUMER\Remote-Learning-LUMER\actions-runner\_work\_actions'
[2026-08-21 09:00:05Z INFO ActionManifestManagerLegacy] Loaded action.yml file: {
  "name": "Checkout",
  "description": "Checkout a Git repository at a particular version",
  "inputs": {
    "type": 2,
    "map": [
      {
        "key": {
          "type": 0,
          "file": 2,
          "line": 4,
          "col": 3,
          "lit": "repository"
        },
        "value": {
          "type": 3,
          "file": 2,
          "line": 6,
          "col": 14,
          "expr": "github.repository"
        }
      },
      {
        "key": {
          "type": 0,
          "file": 2,
          "line": 7,
          "col": 3,
          "lit": "ref"
        },
        "value": ""
      },
      {
        "key": {
          "type": 0,
          "file": 2,
          "line": 12,
          "col": 3,
          "lit": "token"
        },
        "value": {
          "type": 3,
          "file": 2,
          "line": 24,
          "col": 14,
          "expr": "github.token"
        }
      },
      {
        "key": {
          "type": 0,
          "file": 2,
          "line": 25,
          "col": 3,
          "lit": "ssh-key"
        },
        "value": ""
      },
      {
        "key": {
          "type": 0,
          "file": 2,
          "line": 37,
          "col": 3,
          "lit": "ssh-known-hosts"
        },
        "value": ""
      },
      {
        "key": {
          "type": 0,
          "file": 2,
          "line": 42,
          "col": 3,
          "lit": "ssh-strict"
        },
        "value": {
          "type": 0,
          "file": 2,
          "line": 47,
          "col": 14,
          "lit": "true"
        }
      },
      {
        "key": {
          "type": 0,
          "file": 2,
          "line": 48,
          "col": 3,
          "lit": "ssh-user"
        },
        "value": {
          "type": 0,
          "file": 2,
          "line": 51,
          "col": 14,
          "lit": "git"
        }
      },
      {
        "key": {
          "type": 0,
          "file": 2,
          "line": 52,
          "col": 3,
          "lit": "persist-credentials"
        },
        "value": {
          "type": 0,
          "file": 2,
          "line": 54,
          "col": 14,
          "lit": "true"
        }
      },
      {
        "key": {
          "type": 0,
          "file": 2,
          "line": 55,
          "col": 3,
          "lit": "path"
        },
        "value": ""
      },
      {
        "key": {
          "type": 0,
          "file": 2,
          "line": 57,
          "col": 3,
          "lit": "clean"
        },
        "value": {
          "type": 0,
          "file": 2,
          "line": 59,
          "col": 14,
          "lit": "true"
        }
      },
      {
        "key": {
          "type": 0,
          "file": 2,
          "line": 60,
          "col": 3,
          "lit": "filter"
        },
        "value": {
          "type": 0,
          "file": 2,
          "line": 64,
          "col": 14,
          "lit": ""
        }
      },
      {
        "key": {
          "type": 0,
          "file": 2,
          "line": 65,
          "col": 3,
          "lit": "sparse-checkout"
        },
        "value": {
          "type": 0,
          "file": 2,
          "line": 69,
          "col": 14,
          "lit": ""
        }
      },
      {
        "key": {
          "type": 0,
          "file": 2,
          "line": 70,
          "col": 3,
          "lit": "sparse-checkout-cone-mode"
        },
        "value": {
          "type": 0,
          "file": 2,
          "line": 73,
          "col": 14,
          "lit": "true"
        }
      },
      {
        "key": {
          "type": 0,
          "file": 2,
          "line": 74,
          "col": 3,
          "lit": "fetch-depth"
        },
        "value": {
          "type": 0,
          "file": 2,
          "line": 76,
          "col": 14,
          "lit": "1"
        }
      },
      {
        "key": {
          "type": 0,
          "file": 2,
          "line": 77,
          "col": 3,
          "lit": "fetch-tags"
        },
        "value": {
          "type": 0,
          "file": 2,
          "line": 79,
          "col": 14,
          "lit": "false"
        }
      },
      {
        "key": {
          "type": 0,
          "file": 2,
          "line": 80,
          "col": 3,
          "lit": "show-progress"
        },
        "value": {
          "type": 0,
          "file": 2,
          "line": 82,
          "col": 14,
          "lit": "true"
        }
      },
      {
        "key": {
          "type": 0,
          "file": 2,
          "line": 83,
          "col": 3,
          "lit": "lfs"
        },
        "value": {
          "type": 0,
          "file": 2,
          "line": 85,
          "col": 14,
          "lit": "false"
        }
      },
      {
        "key": {
          "type": 0,
          "file": 2,
          "line": 86,
          "col": 3,
          "lit": "submodules"
        },
        "value": {
          "type": 0,
          "file": 2,
          "line": 94,
          "col": 14,
          "lit": "false"
        }
      },
      {
        "key": {
          "type": 0,
          "file": 2,
          "line": 95,
          "col": 3,
          "lit": "set-safe-directory"
        },
        "value": {
          "type": 0,
          "file": 2,
          "line": 97,
          "col": 14,
          "lit": "true"
        }
      },
      {
        "key": {
          "type": 0,
          "file": 2,
          "line": 98,
          "col": 3,
          "lit": "github-server-url"
        },
        "value": ""
      },
      {
        "key": {
          "type": 0,
          "file": 2,
          "line": 101,
          "col": 3,
          "lit": "allow-unsafe-pr-checkout"
        },
        "value": {
          "type": 0,
          "file": 2,
          "line": 109,
          "col": 14,
          "lit": "false"
        }
      }
    ]
  },
  "execution": {
    "executionType": "nodeJS",
    "hasPre": false,
    "hasPost": true,
    "script": "dist/index.js",
    "pre": null,
    "post": "dist/index.js",
    "nodeVersion": "node20",
    "cleanupCondition": "always()",
    "initCondition": "always()"
  },
  "deprecated": null
}
[2026-08-21 09:00:05Z INFO ActionManager] Action pre node.js file: N/A.
[2026-08-21 09:00:05Z INFO ActionManager] Action node.js file: dist/index.js.
[2026-08-21 09:00:05Z INFO ActionManager] Action post node.js file: dist/index.js.
[2026-08-21 09:00:05Z INFO ExecutionContext] Reserve record order 4 to 6 for post job actions.
[2026-08-21 09:00:05Z INFO HostContext] Well known directory 'Bin': 'D:\Remote-Learning---LUMER\Remote-Learning-LUMER\actions-runner\bin'
[2026-08-21 09:00:05Z INFO HostContext] Well known directory 'Root': 'D:\Remote-Learning---LUMER\Remote-Learning-LUMER\actions-runner'
[2026-08-21 09:00:05Z INFO HostContext] Well known directory 'Diag': 'D:\Remote-Learning---LUMER\Remote-Learning-LUMER\actions-runner\_diag'
[2026-08-21 09:00:05Z INFO HostContext] Well known directory 'Bin': 'D:\Remote-Learning---LUMER\Remote-Learning-LUMER\actions-runner\bin'
[2026-08-21 09:00:05Z INFO HostContext] Well known directory 'Root': 'D:\Remote-Learning---LUMER\Remote-Learning-LUMER\actions-runner'
[2026-08-21 09:00:05Z INFO HostContext] Well known directory 'Diag': 'D:\Remote-Learning---LUMER\Remote-Learning-LUMER\actions-runner\_diag'
[2026-08-21 09:00:05Z INFO HostContext] Well known directory 'Bin': 'D:\Remote-Learning---LUMER\Remote-Learning-LUMER\actions-runner\bin'
[2026-08-21 09:00:05Z INFO HostContext] Well known directory 'Root': 'D:\Remote-Learning---LUMER\Remote-Learning-LUMER\actions-runner'
[2026-08-21 09:00:05Z INFO HostContext] Well known directory 'Work': 'D:\Remote-Learning---LUMER\Remote-Learning-LUMER\actions-runner\_work'
[2026-08-21 09:00:05Z INFO HostContext] Well known directory 'Temp': 'D:\Remote-Learning---LUMER\Remote-Learning-LUMER\actions-runner\_work\_temp'
[2026-08-21 09:00:05Z INFO ExecutionContext] Write event payload to D:\Remote-Learning---LUMER\Remote-Learning-LUMER\actions-runner\_work\_temp\_github_workflow\event.json
[2026-08-21 09:00:05Z INFO HostContext] Well known directory 'Bin': 'D:\Remote-Learning---LUMER\Remote-Learning-LUMER\actions-runner\bin'
[2026-08-21 09:00:05Z INFO HostContext] Well known directory 'Root': 'D:\Remote-Learning---LUMER\Remote-Learning-LUMER\actions-runner'
[2026-08-21 09:00:05Z INFO HostContext] Well known directory 'Work': 'D:\Remote-Learning---LUMER\Remote-Learning-LUMER\actions-runner\_work'
[2026-08-21 09:00:05Z INFO HostContext] Well known directory 'Temp': 'D:\Remote-Learning---LUMER\Remote-Learning-LUMER\actions-runner\_work\_temp'
[2026-08-21 09:00:05Z INFO ExtensionManager] Getting extensions for interface: 'GitHub.Runner.Worker.IFileCommandExtension'
[2026-08-21 09:00:05Z INFO ExtensionManager] Creating instance: GitHub.Runner.Worker.AddPathFileCommand, Runner.Worker
[2026-08-21 09:00:05Z INFO ExtensionManager] Creating instance: GitHub.Runner.Worker.SetEnvFileCommand, Runner.Worker
[2026-08-21 09:00:05Z INFO ExtensionManager] Creating instance: GitHub.Runner.Worker.CreateStepSummaryCommand, Runner.Worker
[2026-08-21 09:00:05Z INFO ExtensionManager] Creating instance: GitHub.Runner.Worker.SaveStateFileCommand, Runner.Worker
[2026-08-21 09:00:05Z INFO ExtensionManager] Creating instance: GitHub.Runner.Worker.SetOutputFileCommand, Runner.Worker
[2026-08-21 09:00:05Z INFO ExtensionManager] Creating instance: GitHub.Runner.Worker.CreateArtifactsFileCommand, Runner.Worker
[2026-08-21 09:00:05Z INFO ExtensionManager] Creating instance: GitHub.Runner.Worker.ArtifactsListFileCommand, Runner.Worker
[2026-08-21 09:00:05Z INFO JobServerQueue] Try to append 1 batches web console lines for record '0da900d8-909b-4473-9dc2-9e52f11e0ba1', success rate: 1/1.
[2026-08-21 09:00:05Z INFO ActionManifestManagerLegacy] Input 'repository': default value evaluate result: {
  "type": 0,
  "file": 2,
  "line": 6,
  "col": 14,
  "lit": "Hieu1266/TestK8s"
}
[2026-08-21 09:00:05Z INFO ActionManifestManagerLegacy] Input 'ref': default value evaluate result: ""
[2026-08-21 09:00:05Z INFO ActionManifestManagerLegacy] Input 'token': default value evaluate result: {
  "type": 0,
  "file": 2,
  "line": 24,
  "col": 14,
  "lit": "***"
}
[2026-08-21 09:00:05Z INFO ActionManifestManagerLegacy] Input 'ssh-key': default value evaluate result: ""
[2026-08-21 09:00:05Z INFO ActionManifestManagerLegacy] Input 'ssh-known-hosts': default value evaluate result: ""
[2026-08-21 09:00:05Z INFO ActionManifestManagerLegacy] Input 'ssh-strict': default value evaluate result: {
  "type": 0,
  "file": 2,
  "line": 47,
  "col": 14,
  "lit": "true"
}
[2026-08-21 09:00:05Z INFO ActionManifestManagerLegacy] Input 'ssh-user': default value evaluate result: {
  "type": 0,
  "file": 2,
  "line": 51,
  "col": 14,
  "lit": "git"
}
[2026-08-21 09:00:05Z INFO ActionManifestManagerLegacy] Input 'persist-credentials': default value evaluate result: {
  "type": 0,
  "file": 2,
  "line": 54,
  "col": 14,
  "lit": "true"
}
[2026-08-21 09:00:05Z INFO ActionManifestManagerLegacy] Input 'path': default value evaluate result: ""
[2026-08-21 09:00:05Z INFO ActionManifestManagerLegacy] Input 'clean': default value evaluate result: {
  "type": 0,
  "file": 2,
  "line": 59,
  "col": 14,
  "lit": "true"
}
[2026-08-21 09:00:05Z INFO ActionManifestManagerLegacy] Input 'filter': default value evaluate result: {
  "type": 0,
  "file": 2,
  "line": 64,
  "col": 14,
  "lit": ""
}
[2026-08-21 09:00:05Z INFO ActionManifestManagerLegacy] Input 'sparse-checkout': default value evaluate result: {
  "type": 0,
  "file": 2,
  "line": 69,
  "col": 14,
  "lit": ""
}
[2026-08-21 09:00:05Z INFO ActionManifestManagerLegacy] Input 'sparse-checkout-cone-mode': default value evaluate result: {
  "type": 0,
  "file": 2,
  "line": 73,
  "col": 14,
  "lit": "true"
}
[2026-08-21 09:00:05Z INFO ActionManifestManagerLegacy] Input 'fetch-depth': default value evaluate result: {
  "type": 0,
  "file": 2,
  "line": 76,
  "col": 14,
  "lit": "1"
}
[2026-08-21 09:00:05Z INFO ActionManifestManagerLegacy] Input 'fetch-tags': default value evaluate result: {
  "type": 0,
  "file": 2,
  "line": 79,
  "col": 14,
  "lit": "false"
}
[2026-08-21 09:00:05Z INFO ActionManifestManagerLegacy] Input 'show-progress': default value evaluate result: {
  "type": 0,
  "file": 2,
  "line": 82,
  "col": 14,
  "lit": "true"
}
[2026-08-21 09:00:05Z INFO ActionManifestManagerLegacy] Input 'lfs': default value evaluate result: {
  "type": 0,
  "file": 2,
  "line": 85,
  "col": 14,
  "lit": "false"
}
[2026-08-21 09:00:05Z INFO ActionManifestManagerLegacy] Input 'submodules': default value evaluate result: {
  "type": 0,
  "file": 2,
  "line": 94,
  "col": 14,
  "lit": "false"
}
[2026-08-21 09:00:05Z INFO ActionManifestManagerLegacy] Input 'set-safe-directory': default value evaluate result: {
  "type": 0,
  "file": 2,
  "line": 97,
  "col": 14,
  "lit": "true"
}
[2026-08-21 09:00:05Z INFO ActionManifestManagerLegacy] Input 'github-server-url': default value evaluate result: ""
[2026-08-21 09:00:05Z INFO ActionManifestManagerLegacy] Input 'allow-unsafe-pr-checkout': default value evaluate result: {
  "type": 0,
  "file": 2,
  "line": 109,
  "col": 14,
  "lit": "false"
}
[2026-08-21 09:00:05Z INFO ExtensionManager] Getting extensions for interface: 'GitHub.Runner.Worker.IActionCommandExtension'
[2026-08-21 09:00:05Z INFO ExtensionManager] Creating instance: GitHub.Runner.Worker.InternalPluginSetRepoPathCommandExtension, Runner.Worker
[2026-08-21 09:00:05Z INFO ExtensionManager] Creating instance: GitHub.Runner.Worker.SetEnvCommandExtension, Runner.Worker
[2026-08-21 09:00:05Z INFO ExtensionManager] Creating instance: GitHub.Runner.Worker.SetOutputCommandExtension, Runner.Worker
[2026-08-21 09:00:05Z INFO ExtensionManager] Creating instance: GitHub.Runner.Worker.SaveStateCommandExtension, Runner.Worker
[2026-08-21 09:00:05Z INFO ExtensionManager] Creating instance: GitHub.Runner.Worker.AddPathCommandExtension, Runner.Worker
[2026-08-21 09:00:05Z INFO ExtensionManager] Creating instance: GitHub.Runner.Worker.AddMaskCommandExtension, Runner.Worker
[2026-08-21 09:00:05Z INFO ExtensionManager] Creating instance: GitHub.Runner.Worker.AddMatcherCommandExtension, Runner.Worker
[2026-08-21 09:00:05Z INFO ExtensionManager] Creating instance: GitHub.Runner.Worker.RemoveMatcherCommandExtension, Runner.Worker
[2026-08-21 09:00:05Z INFO ExtensionManager] Creating instance: GitHub.Runner.Worker.WarningCommandExtension, Runner.Worker
[2026-08-21 09:00:05Z INFO ExtensionManager] Creating instance: GitHub.Runner.Worker.ErrorCommandExtension, Runner.Worker
[2026-08-21 09:00:05Z INFO ExtensionManager] Creating instance: GitHub.Runner.Worker.NoticeCommandExtension, Runner.Worker
[2026-08-21 09:00:05Z INFO ExtensionManager] Creating instance: GitHub.Runner.Worker.DebugCommandExtension, Runner.Worker
[2026-08-21 09:00:05Z INFO ExtensionManager] Creating instance: GitHub.Runner.Worker.GroupCommandExtension, Runner.Worker
[2026-08-21 09:00:05Z INFO ExtensionManager] Creating instance: GitHub.Runner.Worker.EndGroupCommandExtension, Runner.Worker
[2026-08-21 09:00:05Z INFO ExtensionManager] Creating instance: GitHub.Runner.Worker.EchoCommandExtension, Runner.Worker
[2026-08-21 09:00:05Z INFO ActionCommandManager] Register action command extension for command internal-set-repo-path
[2026-08-21 09:00:05Z INFO ActionCommandManager] Register action command extension for command set-env
[2026-08-21 09:00:05Z INFO ActionCommandManager] Register action command extension for command set-output
[2026-08-21 09:00:05Z INFO ActionCommandManager] Register action command extension for command save-state
[2026-08-21 09:00:05Z INFO ActionCommandManager] Register action command extension for command add-path
[2026-08-21 09:00:05Z INFO ActionCommandManager] Register action command extension for command add-mask
[2026-08-21 09:00:05Z INFO ActionCommandManager] Register action command extension for command add-matcher
[2026-08-21 09:00:05Z INFO ActionCommandManager] Register action command extension for command remove-matcher
[2026-08-21 09:00:05Z INFO ActionCommandManager] Register action command extension for command warning
[2026-08-21 09:00:05Z INFO ActionCommandManager] Register action command extension for command error
[2026-08-21 09:00:05Z INFO ActionCommandManager] Register action command extension for command notice
[2026-08-21 09:00:05Z INFO ActionCommandManager] Register action command extension for command debug
[2026-08-21 09:00:05Z INFO ActionCommandManager] Register action command extension for command group
[2026-08-21 09:00:05Z INFO ActionCommandManager] Register action command extension for command endgroup
[2026-08-21 09:00:05Z INFO ActionCommandManager] Register action command extension for command echo
[2026-08-21 09:00:05Z INFO HostContext] Well known directory 'Bin': 'D:\Remote-Learning---LUMER\Remote-Learning-LUMER\actions-runner\bin'
[2026-08-21 09:00:05Z INFO HostContext] Well known directory 'Root': 'D:\Remote-Learning---LUMER\Remote-Learning-LUMER\actions-runner'
[2026-08-21 09:00:05Z INFO HostContext] Well known directory 'Externals': 'D:\Remote-Learning---LUMER\Remote-Learning-LUMER\actions-runner\externals'
[2026-08-21 09:00:05Z INFO ProcessInvokerWrapper] Starting process:
[2026-08-21 09:00:05Z INFO ProcessInvokerWrapper]   File name: 'D:\Remote-Learning---LUMER\Remote-Learning-LUMER\actions-runner\externals\node24\bin\node.exe'
[2026-08-21 09:00:05Z INFO ProcessInvokerWrapper]   Arguments: '"D:\Remote-Learning---LUMER\Remote-Learning-LUMER\actions-runner\_work\_actions\actions\checkout\v4\dist/index.js"'
[2026-08-21 09:00:05Z INFO ProcessInvokerWrapper]   Working directory: 'D:\Remote-Learning---LUMER\Remote-Learning-LUMER\actions-runner\_work\TestK8s\TestK8s'
[2026-08-21 09:00:05Z INFO ProcessInvokerWrapper]   Require exit code zero: 'False'
[2026-08-21 09:00:05Z INFO ProcessInvokerWrapper]   Encoding web name: utf-8 ; code page: '65001'
[2026-08-21 09:00:05Z INFO ProcessInvokerWrapper]   Force kill process on cancellation: 'False'
[2026-08-21 09:00:05Z INFO ProcessInvokerWrapper]   Redirected STDIN: 'False'
[2026-08-21 09:00:05Z INFO ProcessInvokerWrapper]   Persist current code page: 'True'
[2026-08-21 09:00:05Z INFO ProcessInvokerWrapper]   Keep redirected STDIN open: 'False'
[2026-08-21 09:00:05Z INFO ProcessInvokerWrapper]   High priority process: 'False'
[2026-08-21 09:00:05Z INFO ProcessInvokerWrapper] Process started with process id 25532, waiting for process exit.
[2026-08-21 09:00:05Z INFO JobServerQueue] Try to append 1 batches web console lines for record 'be1436ee-e358-41be-909a-6fbe53f0fe13', success rate: 1/1.
[2026-08-21 09:00:05Z INFO JobServerQueue] Try to append 1 batches web console lines for record 'be1436ee-e358-41be-909a-6fbe53f0fe13', success rate: 1/1.
[2026-08-21 09:00:05Z INFO AddMaskCommandExtension] Add new secret mask with length of 524
[2026-08-21 09:00:05Z INFO JobServerQueue] Try to append 1 batches web console lines for record 'be1436ee-e358-41be-909a-6fbe53f0fe13', success rate: 1/1.
[2026-08-21 09:00:05Z INFO JobServerQueue] Got a step log file to send to results service.
[2026-08-21 09:00:05Z INFO JobServerQueue] Starting upload of step log file to results service ResultsLog, D:\Remote-Learning---LUMER\Remote-Learning-LUMER\actions-runner\_diag\blocks\51f8bcd0-3f8c-4fa0-9f8d-30c33e8ae1af_0da900d8-909b-4473-9dc2-9e52f11e0ba1.1
[2026-08-21 09:00:05Z INFO JobServerQueue] Try to upload 1 log files or attachments, success rate: 1/1.
[2026-08-21 09:00:06Z INFO JobServerQueue] Try to append 1 batches web console lines for record 'be1436ee-e358-41be-909a-6fbe53f0fe13', success rate: 1/1.
[2026-08-21 09:00:07Z INFO JobServerQueue] Try to append 1 batches web console lines for record 'be1436ee-e358-41be-909a-6fbe53f0fe13', success rate: 1/1.
[2026-08-21 09:00:07Z INFO JobServerQueue] Tried to upload 1 file(s) to results, success rate: 1/1.
[2026-08-21 09:00:08Z INFO JobServerQueue] Try to append 1 batches web console lines for record 'be1436ee-e358-41be-909a-6fbe53f0fe13', success rate: 1/1.
[2026-08-21 09:00:08Z INFO JobServerQueue] Try to append 1 batches web console lines for record 'be1436ee-e358-41be-909a-6fbe53f0fe13', success rate: 1/1.
[2026-08-21 09:00:09Z INFO JobServerQueue] Try to append 1 batches web console lines for record 'be1436ee-e358-41be-909a-6fbe53f0fe13', success rate: 1/1.
[2026-08-21 09:00:10Z INFO JobServerQueue] Try to append 1 batches web console lines for record 'be1436ee-e358-41be-909a-6fbe53f0fe13', success rate: 1/1.
[2026-08-21 09:00:11Z INFO JobServerQueue] Try to append 1 batches web console lines for record 'be1436ee-e358-41be-909a-6fbe53f0fe13', success rate: 1/1.
[2026-08-21 09:00:12Z INFO JobServerQueue] Try to append 1 batches web console lines for record 'be1436ee-e358-41be-909a-6fbe53f0fe13', success rate: 1/1.
[2026-08-21 09:00:13Z INFO JobServerQueue] Try to append 1 batches web console lines for record 'be1436ee-e358-41be-909a-6fbe53f0fe13', success rate: 1/1.
[2026-08-21 09:00:13Z INFO ProcessInvokerWrapper] STDOUT/STDERR stream read finished.
[2026-08-21 09:00:13Z INFO ProcessInvokerWrapper] STDOUT/STDERR stream read finished.
[2026-08-21 09:00:13Z INFO ProcessInvokerWrapper] Finished process 25532 with exit code 0, and elapsed time 00:00:08.2510345.
[2026-08-21 09:00:13Z INFO CreateStepSummaryCommand] Step Summary file (D:\Remote-Learning---LUMER\Remote-Learning-LUMER\actions-runner\_work\_temp\_runner_file_commands\step_summary_1921fdc6-bf24-4904-8913-57b63d9975ac) is empty; skipping attachment upload
[2026-08-21 09:00:13Z INFO StepsRunner] Step result: 
[2026-08-21 09:00:13Z INFO ExecutionContext] Publish step telemetry for current step {
  "action": "actions/checkout",
  "ref": "v4",
  "type": "node24",
  "stage": "Main",
  "stepId": "be1436ee-e358-41be-909a-6fbe53f0fe13",
  "stepContextName": "__actions_checkout",
  "hasPreStep": false,
  "hasPostStep": true,
  "result": "succeeded",
  "errorMessages": [],
  "executionTimeInSeconds": 9,
  "startTime": "2026-08-21T09:00:05.0083122Z",
  "finishTime": "2026-08-21T09:00:13.3623579Z"
}.
[2026-08-21 09:00:13Z INFO StepsRunner] No need for updating job result with current step result 'Succeeded'.
[2026-08-21 09:00:13Z INFO StepsRunner] Current state: job state = ''
[2026-08-21 09:00:13Z INFO StepsRunner] Processing step: DisplayName='Deploy Manifests'
[2026-08-21 09:00:13Z INFO StepsRunner] Evaluating: success()
[2026-08-21 09:00:13Z INFO StepsRunner] Result: true
[2026-08-21 09:00:13Z INFO StepsRunner] Starting the step.
[2026-08-21 09:00:13Z INFO HostContext] Well known directory 'Bin': 'D:\Remote-Learning---LUMER\Remote-Learning-LUMER\actions-runner\bin'
[2026-08-21 09:00:13Z INFO HostContext] Well known directory 'Root': 'D:\Remote-Learning---LUMER\Remote-Learning-LUMER\actions-runner'
[2026-08-21 09:00:13Z INFO HostContext] Well known directory 'Work': 'D:\Remote-Learning---LUMER\Remote-Learning-LUMER\actions-runner\_work'
[2026-08-21 09:00:13Z INFO StepsRunner] Which2: 'chcp'
[2026-08-21 09:00:13Z INFO StepsRunner] Location: 'C:\Windows\system32\chcp.COM'
[2026-08-21 09:00:13Z INFO ProcessInvokerWrapper] Starting process:
[2026-08-21 09:00:13Z INFO ProcessInvokerWrapper]   File name: 'C:\Windows\system32\chcp.COM'
[2026-08-21 09:00:13Z INFO ProcessInvokerWrapper]   Arguments: '65001'
[2026-08-21 09:00:13Z INFO ProcessInvokerWrapper]   Working directory: 'D:\Remote-Learning---LUMER\Remote-Learning-LUMER\actions-runner\_work'
[2026-08-21 09:00:13Z INFO ProcessInvokerWrapper]   Require exit code zero: 'False'
[2026-08-21 09:00:13Z INFO ProcessInvokerWrapper]   Encoding web name:  ; code page: ''
[2026-08-21 09:00:13Z INFO ProcessInvokerWrapper]   Force kill process on cancellation: 'False'
[2026-08-21 09:00:13Z INFO ProcessInvokerWrapper]   Redirected STDIN: 'False'
[2026-08-21 09:00:13Z INFO ProcessInvokerWrapper]   Persist current code page: 'True'
[2026-08-21 09:00:13Z INFO ProcessInvokerWrapper]   Keep redirected STDIN open: 'False'
[2026-08-21 09:00:13Z INFO ProcessInvokerWrapper]   High priority process: 'False'
[2026-08-21 09:00:13Z INFO ProcessInvokerWrapper] Process started with process id 23724, waiting for process exit.
[2026-08-21 09:00:13Z INFO ProcessInvokerWrapper] STDOUT/STDERR stream read finished.
[2026-08-21 09:00:13Z INFO ProcessInvokerWrapper] STDOUT/STDERR stream read finished.
[2026-08-21 09:00:13Z INFO ProcessInvokerWrapper] Finished process 23724 with exit code 0, and elapsed time 00:00:00.0154833.
[2026-08-21 09:00:13Z INFO StepsRunner] Successfully returned to code page 65001 (UTF8)
[2026-08-21 09:00:13Z INFO HostContext] Well known directory 'Bin': 'D:\Remote-Learning---LUMER\Remote-Learning-LUMER\actions-runner\bin'
[2026-08-21 09:00:13Z INFO HostContext] Well known directory 'Root': 'D:\Remote-Learning---LUMER\Remote-Learning-LUMER\actions-runner'
[2026-08-21 09:00:13Z INFO HostContext] Well known directory 'Work': 'D:\Remote-Learning---LUMER\Remote-Learning-LUMER\actions-runner\_work'
[2026-08-21 09:00:13Z INFO HostContext] Well known directory 'Temp': 'D:\Remote-Learning---LUMER\Remote-Learning-LUMER\actions-runner\_work\_temp'
[2026-08-21 09:00:13Z INFO ExecutionContext] Write event payload to D:\Remote-Learning---LUMER\Remote-Learning-LUMER\actions-runner\_work\_temp\_github_workflow\event.json
[2026-08-21 09:00:13Z INFO HostContext] Well known directory 'Bin': 'D:\Remote-Learning---LUMER\Remote-Learning-LUMER\actions-runner\bin'
[2026-08-21 09:00:13Z INFO HostContext] Well known directory 'Root': 'D:\Remote-Learning---LUMER\Remote-Learning-LUMER\actions-runner'
[2026-08-21 09:00:13Z INFO HostContext] Well known directory 'Work': 'D:\Remote-Learning---LUMER\Remote-Learning-LUMER\actions-runner\_work'
[2026-08-21 09:00:13Z INFO HostContext] Well known directory 'Temp': 'D:\Remote-Learning---LUMER\Remote-Learning-LUMER\actions-runner\_work\_temp'
[2026-08-21 09:00:13Z INFO ExtensionManager] Getting extensions for interface: 'GitHub.Runner.Worker.IFileCommandExtension'
[2026-08-21 09:00:13Z INFO ExtensionManager] Getting extensions for interface: 'GitHub.Runner.Worker.IActionCommandExtension'
[2026-08-21 09:00:13Z INFO ActionCommandManager] Register action command extension for command internal-set-repo-path
[2026-08-21 09:00:13Z INFO ActionCommandManager] Register action command extension for command set-env
[2026-08-21 09:00:13Z INFO ActionCommandManager] Register action command extension for command set-output
[2026-08-21 09:00:13Z INFO ActionCommandManager] Register action command extension for command save-state
[2026-08-21 09:00:13Z INFO ActionCommandManager] Register action command extension for command add-path
[2026-08-21 09:00:13Z INFO ActionCommandManager] Register action command extension for command add-mask
[2026-08-21 09:00:13Z INFO ActionCommandManager] Register action command extension for command add-matcher
[2026-08-21 09:00:13Z INFO ActionCommandManager] Register action command extension for command remove-matcher
[2026-08-21 09:00:13Z INFO ActionCommandManager] Register action command extension for command warning
[2026-08-21 09:00:13Z INFO ActionCommandManager] Register action command extension for command error
[2026-08-21 09:00:13Z INFO ActionCommandManager] Register action command extension for command notice
[2026-08-21 09:00:13Z INFO ActionCommandManager] Register action command extension for command debug
[2026-08-21 09:00:13Z INFO ActionCommandManager] Register action command extension for command group
[2026-08-21 09:00:13Z INFO ActionCommandManager] Register action command extension for command endgroup
[2026-08-21 09:00:13Z INFO ActionCommandManager] Register action command extension for command echo
[2026-08-21 09:00:13Z INFO ScriptHandler] Which2: 'powershell'
[2026-08-21 09:00:13Z INFO ScriptHandler] Location: 'C:\Windows\System32\WindowsPowerShell\v1.0\powershell.EXE'
[2026-08-21 09:00:13Z INFO JobServerQueue] Try to append 1 batches web console lines for record 'be1436ee-e358-41be-909a-6fbe53f0fe13', success rate: 1/1.
[2026-08-21 09:00:13Z INFO JobServerQueue] Try to append 1 batches web console lines for record '233322eb-6f33-4f17-84a1-61ae58523807', success rate: 1/1.
[2026-08-21 09:00:13Z INFO HostContext] Well known directory 'Bin': 'D:\Remote-Learning---LUMER\Remote-Learning-LUMER\actions-runner\bin'
[2026-08-21 09:00:13Z INFO HostContext] Well known directory 'Root': 'D:\Remote-Learning---LUMER\Remote-Learning-LUMER\actions-runner'
[2026-08-21 09:00:13Z INFO HostContext] Well known directory 'Work': 'D:\Remote-Learning---LUMER\Remote-Learning-LUMER\actions-runner\_work'
[2026-08-21 09:00:13Z INFO HostContext] Well known directory 'Temp': 'D:\Remote-Learning---LUMER\Remote-Learning-LUMER\actions-runner\_work\_temp'
[2026-08-21 09:00:13Z INFO ScriptHandler] Which2: 'powershell'
[2026-08-21 09:00:13Z INFO ScriptHandler] Location: 'C:\Windows\System32\WindowsPowerShell\v1.0\powershell.EXE'
[2026-08-21 09:00:13Z INFO ProcessInvokerWrapper] Starting process:
[2026-08-21 09:00:13Z INFO ProcessInvokerWrapper]   File name: 'C:\Windows\System32\WindowsPowerShell\v1.0\powershell.EXE'
[2026-08-21 09:00:13Z INFO ProcessInvokerWrapper]   Arguments: '-command ". 'D:\Remote-Learning---LUMER\Remote-Learning-LUMER\actions-runner\_work\_temp\476bb85f-93a2-46e8-aa3e-8849d91ef29d.ps1'"'
[2026-08-21 09:00:13Z INFO ProcessInvokerWrapper]   Working directory: 'D:\Remote-Learning---LUMER\Remote-Learning-LUMER\actions-runner\_work\TestK8s\TestK8s'
[2026-08-21 09:00:13Z INFO ProcessInvokerWrapper]   Require exit code zero: 'False'
[2026-08-21 09:00:13Z INFO ProcessInvokerWrapper]   Encoding web name:  ; code page: ''
[2026-08-21 09:00:13Z INFO ProcessInvokerWrapper]   Force kill process on cancellation: 'False'
[2026-08-21 09:00:13Z INFO ProcessInvokerWrapper]   Redirected STDIN: 'False'
[2026-08-21 09:00:13Z INFO ProcessInvokerWrapper]   Persist current code page: 'True'
[2026-08-21 09:00:13Z INFO ProcessInvokerWrapper]   Keep redirected STDIN open: 'False'
[2026-08-21 09:00:13Z INFO ProcessInvokerWrapper]   High priority process: 'False'
[2026-08-21 09:00:13Z INFO ProcessInvokerWrapper] Process started with process id 25900, waiting for process exit.
[2026-08-21 09:00:13Z INFO JobServerQueue] Got a step log file to send to results service.
[2026-08-21 09:00:13Z INFO JobServerQueue] Starting upload of step log file to results service ResultsLog, D:\Remote-Learning---LUMER\Remote-Learning-LUMER\actions-runner\_diag\blocks\51f8bcd0-3f8c-4fa0-9f8d-30c33e8ae1af_be1436ee-e358-41be-909a-6fbe53f0fe13.1
[2026-08-21 09:00:13Z INFO JobServerQueue] Try to append 1 batches web console lines for record '233322eb-6f33-4f17-84a1-61ae58523807', success rate: 1/1.
[2026-08-21 09:00:14Z INFO JobServerQueue] Try to upload 1 log files or attachments, success rate: 1/1.
[2026-08-21 09:00:14Z INFO JobServerQueue] Try to append 1 batches web console lines for record '233322eb-6f33-4f17-84a1-61ae58523807', success rate: 1/1.
[2026-08-21 09:00:14Z INFO JobServerQueue] Tried to upload 1 file(s) to results, success rate: 1/1.
[2026-08-21 09:00:14Z INFO JobServerQueue] Try to append 1 batches web console lines for record '233322eb-6f33-4f17-84a1-61ae58523807', success rate: 1/1.
[2026-08-21 09:00:14Z INFO JobServerQueue] Try to append 1 batches web console lines for record '233322eb-6f33-4f17-84a1-61ae58523807', success rate: 1/1.
[2026-08-21 09:00:14Z INFO JobServerQueue] Try to append 1 batches web console lines for record '233322eb-6f33-4f17-84a1-61ae58523807', success rate: 1/1.
[2026-08-21 09:00:14Z INFO HostContext] Well known directory 'Bin': 'D:\Remote-Learning---LUMER\Remote-Learning-LUMER\actions-runner\bin'
[2026-08-21 09:00:14Z INFO HostContext] Well known directory 'Root': 'D:\Remote-Learning---LUMER\Remote-Learning-LUMER\actions-runner'
[2026-08-21 09:00:14Z INFO HostContext] Well known directory 'Work': 'D:\Remote-Learning---LUMER\Remote-Learning-LUMER\actions-runner\_work'
[2026-08-21 09:00:15Z INFO JobServerQueue] Try to append 1 batches web console lines for record '233322eb-6f33-4f17-84a1-61ae58523807', success rate: 1/1.
[2026-08-21 09:00:15Z INFO JobServerQueue] Try to append 1 batches web console lines for record '233322eb-6f33-4f17-84a1-61ae58523807', success rate: 1/1.
[2026-08-21 09:00:15Z INFO ProcessInvokerWrapper] STDOUT/STDERR stream read finished.
[2026-08-21 09:00:15Z INFO ProcessInvokerWrapper] STDOUT/STDERR stream read finished.
[2026-08-21 09:00:15Z INFO ProcessInvokerWrapper] Finished process 25900 with exit code 0, and elapsed time 00:00:02.3306470.
[2026-08-21 09:00:15Z INFO CreateStepSummaryCommand] Step Summary file (D:\Remote-Learning---LUMER\Remote-Learning-LUMER\actions-runner\_work\_temp\_runner_file_commands\step_summary_95c0ef1e-b7f0-4818-b348-ac1cbb31120f) is empty; skipping attachment upload
[2026-08-21 09:00:15Z INFO StepsRunner] Step result: 
[2026-08-21 09:00:15Z INFO ExecutionContext] Publish step telemetry for current step {
  "action": "powershell",
  "type": "run",
  "stage": "Main",
  "stepId": "233322eb-6f33-4f17-84a1-61ae58523807",
  "stepContextName": "__run",
  "result": "succeeded",
  "errorMessages": [],
  "executionTimeInSeconds": 3,
  "startTime": "2026-08-21T09:00:13.3646709Z",
  "finishTime": "2026-08-21T09:00:15.7483266Z"
}.
[2026-08-21 09:00:15Z INFO StepsRunner] No need for updating job result with current step result 'Succeeded'.
[2026-08-21 09:00:15Z INFO StepsRunner] Current state: job state = ''
[2026-08-21 09:00:15Z INFO StepsRunner] Processing step: DisplayName='Post Checkout Code'
[2026-08-21 09:00:15Z INFO StepsRunner] Evaluating: always()
[2026-08-21 09:00:15Z INFO StepsRunner] Result: true
[2026-08-21 09:00:15Z INFO StepsRunner] Starting the step.
[2026-08-21 09:00:15Z INFO HostContext] Well known directory 'Bin': 'D:\Remote-Learning---LUMER\Remote-Learning-LUMER\actions-runner\bin'
[2026-08-21 09:00:15Z INFO HostContext] Well known directory 'Root': 'D:\Remote-Learning---LUMER\Remote-Learning-LUMER\actions-runner'
[2026-08-21 09:00:15Z INFO HostContext] Well known directory 'Work': 'D:\Remote-Learning---LUMER\Remote-Learning-LUMER\actions-runner\_work'
[2026-08-21 09:00:15Z INFO StepsRunner] Which2: 'chcp'
[2026-08-21 09:00:15Z INFO StepsRunner] Location: 'C:\Windows\system32\chcp.COM'
[2026-08-21 09:00:15Z INFO ProcessInvokerWrapper] Starting process:
[2026-08-21 09:00:15Z INFO ProcessInvokerWrapper]   File name: 'C:\Windows\system32\chcp.COM'
[2026-08-21 09:00:15Z INFO ProcessInvokerWrapper]   Arguments: '65001'
[2026-08-21 09:00:15Z INFO ProcessInvokerWrapper]   Working directory: 'D:\Remote-Learning---LUMER\Remote-Learning-LUMER\actions-runner\_work'
[2026-08-21 09:00:15Z INFO ProcessInvokerWrapper]   Require exit code zero: 'False'
[2026-08-21 09:00:15Z INFO ProcessInvokerWrapper]   Encoding web name:  ; code page: ''
[2026-08-21 09:00:15Z INFO ProcessInvokerWrapper]   Force kill process on cancellation: 'False'
[2026-08-21 09:00:15Z INFO ProcessInvokerWrapper]   Redirected STDIN: 'False'
[2026-08-21 09:00:15Z INFO ProcessInvokerWrapper]   Persist current code page: 'True'
[2026-08-21 09:00:15Z INFO ProcessInvokerWrapper]   Keep redirected STDIN open: 'False'
[2026-08-21 09:00:15Z INFO ProcessInvokerWrapper]   High priority process: 'False'
[2026-08-21 09:00:15Z INFO JobServerQueue] Try to append 1 batches web console lines for record '233322eb-6f33-4f17-84a1-61ae58523807', success rate: 1/1.
[2026-08-21 09:00:15Z INFO ProcessInvokerWrapper] Process started with process id 30740, waiting for process exit.
[2026-08-21 09:00:15Z INFO ProcessInvokerWrapper] STDOUT/STDERR stream read finished.
[2026-08-21 09:00:15Z INFO ProcessInvokerWrapper] STDOUT/STDERR stream read finished.
[2026-08-21 09:00:15Z INFO ProcessInvokerWrapper] Finished process 30740 with exit code 0, and elapsed time 00:00:00.0255205.
[2026-08-21 09:00:15Z INFO StepsRunner] Successfully returned to code page 65001 (UTF8)
[2026-08-21 09:00:15Z INFO HostContext] Well known directory 'Bin': 'D:\Remote-Learning---LUMER\Remote-Learning-LUMER\actions-runner\bin'
[2026-08-21 09:00:15Z INFO HostContext] Well known directory 'Root': 'D:\Remote-Learning---LUMER\Remote-Learning-LUMER\actions-runner'
[2026-08-21 09:00:15Z INFO HostContext] Well known directory 'Work': 'D:\Remote-Learning---LUMER\Remote-Learning-LUMER\actions-runner\_work'
[2026-08-21 09:00:15Z INFO HostContext] Well known directory 'Actions': 'D:\Remote-Learning---LUMER\Remote-Learning-LUMER\actions-runner\_work\_actions'
[2026-08-21 09:00:15Z INFO ActionManager] Load action that reference repository from 'D:\Remote-Learning---LUMER\Remote-Learning-LUMER\actions-runner\_work\_actions\actions\checkout\v4'
[2026-08-21 09:00:15Z INFO HostContext] Well known directory 'Bin': 'D:\Remote-Learning---LUMER\Remote-Learning-LUMER\actions-runner\bin'
[2026-08-21 09:00:15Z INFO HostContext] Well known directory 'Root': 'D:\Remote-Learning---LUMER\Remote-Learning-LUMER\actions-runner'
[2026-08-21 09:00:15Z INFO HostContext] Well known directory 'Work': 'D:\Remote-Learning---LUMER\Remote-Learning-LUMER\actions-runner\_work'
[2026-08-21 09:00:15Z INFO HostContext] Well known directory 'Actions': 'D:\Remote-Learning---LUMER\Remote-Learning-LUMER\actions-runner\_work\_actions'
[2026-08-21 09:00:15Z INFO ActionManifestManagerLegacy] Loaded action.yml file: {
  "name": "Checkout",
  "description": "Checkout a Git repository at a particular version",
  "inputs": {
    "type": 2,
    "map": [
      {
        "key": {
          "type": 0,
          "file": 2,
          "line": 4,
          "col": 3,
          "lit": "repository"
        },
        "value": {
          "type": 3,
          "file": 2,
          "line": 6,
          "col": 14,
          "expr": "github.repository"
        }
      },
      {
        "key": {
          "type": 0,
          "file": 2,
          "line": 7,
          "col": 3,
          "lit": "ref"
        },
        "value": ""
      },
      {
        "key": {
          "type": 0,
          "file": 2,
          "line": 12,
          "col": 3,
          "lit": "token"
        },
        "value": {
          "type": 3,
          "file": 2,
          "line": 24,
          "col": 14,
          "expr": "github.token"
        }
      },
      {
        "key": {
          "type": 0,
          "file": 2,
          "line": 25,
          "col": 3,
          "lit": "ssh-key"
        },
        "value": ""
      },
      {
        "key": {
          "type": 0,
          "file": 2,
          "line": 37,
          "col": 3,
          "lit": "ssh-known-hosts"
        },
        "value": ""
      },
      {
        "key": {
          "type": 0,
          "file": 2,
          "line": 42,
          "col": 3,
          "lit": "ssh-strict"
        },
        "value": {
          "type": 0,
          "file": 2,
          "line": 47,
          "col": 14,
          "lit": "true"
        }
      },
      {
        "key": {
          "type": 0,
          "file": 2,
          "line": 48,
          "col": 3,
          "lit": "ssh-user"
        },
        "value": {
          "type": 0,
          "file": 2,
          "line": 51,
          "col": 14,
          "lit": "git"
        }
      },
      {
        "key": {
          "type": 0,
          "file": 2,
          "line": 52,
          "col": 3,
          "lit": "persist-credentials"
        },
        "value": {
          "type": 0,
          "file": 2,
          "line": 54,
          "col": 14,
          "lit": "true"
        }
      },
      {
        "key": {
          "type": 0,
          "file": 2,
          "line": 55,
          "col": 3,
          "lit": "path"
        },
        "value": ""
      },
      {
        "key": {
          "type": 0,
          "file": 2,
          "line": 57,
          "col": 3,
          "lit": "clean"
        },
        "value": {
          "type": 0,
          "file": 2,
          "line": 59,
          "col": 14,
          "lit": "true"
        }
      },
      {
        "key": {
          "type": 0,
          "file": 2,
          "line": 60,
          "col": 3,
          "lit": "filter"
        },
        "value": {
          "type": 0,
          "file": 2,
          "line": 64,
          "col": 14,
          "lit": ""
        }
      },
      {
        "key": {
          "type": 0,
          "file": 2,
          "line": 65,
          "col": 3,
          "lit": "sparse-checkout"
        },
        "value": {
          "type": 0,
          "file": 2,
          "line": 69,
          "col": 14,
          "lit": ""
        }
      },
      {
        "key": {
          "type": 0,
          "file": 2,
          "line": 70,
          "col": 3,
          "lit": "sparse-checkout-cone-mode"
        },
        "value": {
          "type": 0,
          "file": 2,
          "line": 73,
          "col": 14,
          "lit": "true"
        }
      },
      {
        "key": {
          "type": 0,
          "file": 2,
          "line": 74,
          "col": 3,
          "lit": "fetch-depth"
        },
        "value": {
          "type": 0,
          "file": 2,
          "line": 76,
          "col": 14,
          "lit": "1"
        }
      },
      {
        "key": {
          "type": 0,
          "file": 2,
          "line": 77,
          "col": 3,
          "lit": "fetch-tags"
        },
        "value": {
          "type": 0,
          "file": 2,
          "line": 79,
          "col": 14,
          "lit": "false"
        }
      },
      {
        "key": {
          "type": 0,
          "file": 2,
          "line": 80,
          "col": 3,
          "lit": "show-progress"
        },
        "value": {
          "type": 0,
          "file": 2,
          "line": 82,
          "col": 14,
          "lit": "true"
        }
      },
      {
        "key": {
          "type": 0,
          "file": 2,
          "line": 83,
          "col": 3,
          "lit": "lfs"
        },
        "value": {
          "type": 0,
          "file": 2,
          "line": 85,
          "col": 14,
          "lit": "false"
        }
      },
      {
        "key": {
          "type": 0,
          "file": 2,
          "line": 86,
          "col": 3,
          "lit": "submodules"
        },
        "value": {
          "type": 0,
          "file": 2,
          "line": 94,
          "col": 14,
          "lit": "false"
        }
      },
      {
        "key": {
          "type": 0,
          "file": 2,
          "line": 95,
          "col": 3,
          "lit": "set-safe-directory"
        },
        "value": {
          "type": 0,
          "file": 2,
          "line": 97,
          "col": 14,
          "lit": "true"
        }
      },
      {
        "key": {
          "type": 0,
          "file": 2,
          "line": 98,
          "col": 3,
          "lit": "github-server-url"
        },
        "value": ""
      },
      {
        "key": {
          "type": 0,
          "file": 2,
          "line": 101,
          "col": 3,
          "lit": "allow-unsafe-pr-checkout"
        },
        "value": {
          "type": 0,
          "file": 2,
          "line": 109,
          "col": 14,
          "lit": "false"
        }
      }
    ]
  },
  "execution": {
    "executionType": "nodeJS",
    "hasPre": false,
    "hasPost": true,
    "script": "dist/index.js",
    "pre": null,
    "post": "dist/index.js",
    "nodeVersion": "node20",
    "cleanupCondition": "always()",
    "initCondition": "always()"
  },
  "deprecated": null
}
[2026-08-21 09:00:15Z INFO ActionManager] Action pre node.js file: N/A.
[2026-08-21 09:00:15Z INFO ActionManager] Action node.js file: dist/index.js.
[2026-08-21 09:00:15Z INFO ActionManager] Action post node.js file: dist/index.js.
[2026-08-21 09:00:15Z INFO HostContext] Well known directory 'Bin': 'D:\Remote-Learning---LUMER\Remote-Learning-LUMER\actions-runner\bin'
[2026-08-21 09:00:15Z INFO HostContext] Well known directory 'Root': 'D:\Remote-Learning---LUMER\Remote-Learning-LUMER\actions-runner'
[2026-08-21 09:00:15Z INFO HostContext] Well known directory 'Work': 'D:\Remote-Learning---LUMER\Remote-Learning-LUMER\actions-runner\_work'
[2026-08-21 09:00:15Z INFO HostContext] Well known directory 'Temp': 'D:\Remote-Learning---LUMER\Remote-Learning-LUMER\actions-runner\_work\_temp'
[2026-08-21 09:00:15Z INFO ExecutionContext] Write event payload to D:\Remote-Learning---LUMER\Remote-Learning-LUMER\actions-runner\_work\_temp\_github_workflow\event.json
[2026-08-21 09:00:15Z INFO HostContext] Well known directory 'Bin': 'D:\Remote-Learning---LUMER\Remote-Learning-LUMER\actions-runner\bin'
[2026-08-21 09:00:15Z INFO HostContext] Well known directory 'Root': 'D:\Remote-Learning---LUMER\Remote-Learning-LUMER\actions-runner'
[2026-08-21 09:00:15Z INFO HostContext] Well known directory 'Work': 'D:\Remote-Learning---LUMER\Remote-Learning-LUMER\actions-runner\_work'
[2026-08-21 09:00:15Z INFO HostContext] Well known directory 'Temp': 'D:\Remote-Learning---LUMER\Remote-Learning-LUMER\actions-runner\_work\_temp'
[2026-08-21 09:00:15Z INFO ExtensionManager] Getting extensions for interface: 'GitHub.Runner.Worker.IFileCommandExtension'
[2026-08-21 09:00:15Z INFO ActionManifestManagerLegacy] Input 'repository': default value evaluate result: {
  "type": 0,
  "file": 2,
  "line": 6,
  "col": 14,
  "lit": "Hieu1266/TestK8s"
}
[2026-08-21 09:00:15Z INFO ActionManifestManagerLegacy] Input 'ref': default value evaluate result: ""
[2026-08-21 09:00:15Z INFO ActionManifestManagerLegacy] Input 'token': default value evaluate result: {
  "type": 0,
  "file": 2,
  "line": 24,
  "col": 14,
  "lit": "***"
}
[2026-08-21 09:00:15Z INFO ActionManifestManagerLegacy] Input 'ssh-key': default value evaluate result: ""
[2026-08-21 09:00:15Z INFO ActionManifestManagerLegacy] Input 'ssh-known-hosts': default value evaluate result: ""
[2026-08-21 09:00:15Z INFO ActionManifestManagerLegacy] Input 'ssh-strict': default value evaluate result: {
  "type": 0,
  "file": 2,
  "line": 47,
  "col": 14,
  "lit": "true"
}
[2026-08-21 09:00:15Z INFO ActionManifestManagerLegacy] Input 'ssh-user': default value evaluate result: {
  "type": 0,
  "file": 2,
  "line": 51,
  "col": 14,
  "lit": "git"
}
[2026-08-21 09:00:15Z INFO ActionManifestManagerLegacy] Input 'persist-credentials': default value evaluate result: {
  "type": 0,
  "file": 2,
  "line": 54,
  "col": 14,
  "lit": "true"
}
[2026-08-21 09:00:15Z INFO ActionManifestManagerLegacy] Input 'path': default value evaluate result: ""
[2026-08-21 09:00:15Z INFO ActionManifestManagerLegacy] Input 'clean': default value evaluate result: {
  "type": 0,
  "file": 2,
  "line": 59,
  "col": 14,
  "lit": "true"
}
[2026-08-21 09:00:15Z INFO ActionManifestManagerLegacy] Input 'filter': default value evaluate result: {
  "type": 0,
  "file": 2,
  "line": 64,
  "col": 14,
  "lit": ""
}
[2026-08-21 09:00:15Z INFO ActionManifestManagerLegacy] Input 'sparse-checkout': default value evaluate result: {
  "type": 0,
  "file": 2,
  "line": 69,
  "col": 14,
  "lit": ""
}
[2026-08-21 09:00:15Z INFO ActionManifestManagerLegacy] Input 'sparse-checkout-cone-mode': default value evaluate result: {
  "type": 0,
  "file": 2,
  "line": 73,
  "col": 14,
  "lit": "true"
}
[2026-08-21 09:00:15Z INFO ActionManifestManagerLegacy] Input 'fetch-depth': default value evaluate result: {
  "type": 0,
  "file": 2,
  "line": 76,
  "col": 14,
  "lit": "1"
}
[2026-08-21 09:00:15Z INFO ActionManifestManagerLegacy] Input 'fetch-tags': default value evaluate result: {
  "type": 0,
  "file": 2,
  "line": 79,
  "col": 14,
  "lit": "false"
}
[2026-08-21 09:00:15Z INFO ActionManifestManagerLegacy] Input 'show-progress': default value evaluate result: {
  "type": 0,
  "file": 2,
  "line": 82,
  "col": 14,
  "lit": "true"
}
[2026-08-21 09:00:15Z INFO ActionManifestManagerLegacy] Input 'lfs': default value evaluate result: {
  "type": 0,
  "file": 2,
  "line": 85,
  "col": 14,
  "lit": "false"
}
[2026-08-21 09:00:15Z INFO ActionManifestManagerLegacy] Input 'submodules': default value evaluate result: {
  "type": 0,
  "file": 2,
  "line": 94,
  "col": 14,
  "lit": "false"
}
[2026-08-21 09:00:15Z INFO ActionManifestManagerLegacy] Input 'set-safe-directory': default value evaluate result: {
  "type": 0,
  "file": 2,
  "line": 97,
  "col": 14,
  "lit": "true"
}
[2026-08-21 09:00:15Z INFO ActionManifestManagerLegacy] Input 'github-server-url': default value evaluate result: ""
[2026-08-21 09:00:15Z INFO ActionManifestManagerLegacy] Input 'allow-unsafe-pr-checkout': default value evaluate result: {
  "type": 0,
  "file": 2,
  "line": 109,
  "col": 14,
  "lit": "false"
}
[2026-08-21 09:00:15Z INFO ExtensionManager] Getting extensions for interface: 'GitHub.Runner.Worker.IActionCommandExtension'
[2026-08-21 09:00:15Z INFO ActionCommandManager] Register action command extension for command internal-set-repo-path
[2026-08-21 09:00:15Z INFO ActionCommandManager] Register action command extension for command set-env
[2026-08-21 09:00:15Z INFO ActionCommandManager] Register action command extension for command set-output
[2026-08-21 09:00:15Z INFO ActionCommandManager] Register action command extension for command save-state
[2026-08-21 09:00:15Z INFO ActionCommandManager] Register action command extension for command add-path
[2026-08-21 09:00:15Z INFO ActionCommandManager] Register action command extension for command add-mask
[2026-08-21 09:00:15Z INFO ActionCommandManager] Register action command extension for command add-matcher
[2026-08-21 09:00:15Z INFO ActionCommandManager] Register action command extension for command remove-matcher
[2026-08-21 09:00:15Z INFO ActionCommandManager] Register action command extension for command warning
[2026-08-21 09:00:15Z INFO ActionCommandManager] Register action command extension for command error
[2026-08-21 09:00:15Z INFO ActionCommandManager] Register action command extension for command notice
[2026-08-21 09:00:15Z INFO ActionCommandManager] Register action command extension for command debug
[2026-08-21 09:00:15Z INFO ActionCommandManager] Register action command extension for command group
[2026-08-21 09:00:15Z INFO ActionCommandManager] Register action command extension for command endgroup
[2026-08-21 09:00:15Z INFO ActionCommandManager] Register action command extension for command echo
[2026-08-21 09:00:15Z INFO HostContext] Well known directory 'Bin': 'D:\Remote-Learning---LUMER\Remote-Learning-LUMER\actions-runner\bin'
[2026-08-21 09:00:15Z INFO HostContext] Well known directory 'Root': 'D:\Remote-Learning---LUMER\Remote-Learning-LUMER\actions-runner'
[2026-08-21 09:00:15Z INFO HostContext] Well known directory 'Externals': 'D:\Remote-Learning---LUMER\Remote-Learning-LUMER\actions-runner\externals'
[2026-08-21 09:00:15Z INFO ProcessInvokerWrapper] Starting process:
[2026-08-21 09:00:15Z INFO ProcessInvokerWrapper]   File name: 'D:\Remote-Learning---LUMER\Remote-Learning-LUMER\actions-runner\externals\node24\bin\node.exe'
[2026-08-21 09:00:15Z INFO ProcessInvokerWrapper]   Arguments: '"D:\Remote-Learning---LUMER\Remote-Learning-LUMER\actions-runner\_work\_actions\actions\checkout\v4\dist/index.js"'
[2026-08-21 09:00:15Z INFO ProcessInvokerWrapper]   Working directory: 'D:\Remote-Learning---LUMER\Remote-Learning-LUMER\actions-runner\_work\TestK8s\TestK8s'
[2026-08-21 09:00:15Z INFO ProcessInvokerWrapper]   Require exit code zero: 'False'
[2026-08-21 09:00:15Z INFO ProcessInvokerWrapper]   Encoding web name: utf-8 ; code page: '65001'
[2026-08-21 09:00:15Z INFO ProcessInvokerWrapper]   Force kill process on cancellation: 'False'
[2026-08-21 09:00:15Z INFO ProcessInvokerWrapper]   Redirected STDIN: 'False'
[2026-08-21 09:00:15Z INFO ProcessInvokerWrapper]   Persist current code page: 'True'
[2026-08-21 09:00:15Z INFO ProcessInvokerWrapper]   Keep redirected STDIN open: 'False'
[2026-08-21 09:00:15Z INFO ProcessInvokerWrapper]   High priority process: 'False'
[2026-08-21 09:00:15Z INFO ProcessInvokerWrapper] Process started with process id 25932, waiting for process exit.
[2026-08-21 09:00:16Z INFO JobServerQueue] Try to append 1 batches web console lines for record 'e8d85c08-0834-4ea7-8dc9-d1472e6e8315', success rate: 1/1.
[2026-08-21 09:00:16Z INFO JobServerQueue] Try to upload 1 log files or attachments, success rate: 1/1.
[2026-08-21 09:00:16Z INFO AddMaskCommandExtension] Add new secret mask with length of 32
[2026-08-21 09:00:16Z INFO JobServerQueue] Got a step log file to send to results service.
[2026-08-21 09:00:16Z INFO JobServerQueue] Starting upload of step log file to results service ResultsLog, D:\Remote-Learning---LUMER\Remote-Learning-LUMER\actions-runner\_diag\blocks\51f8bcd0-3f8c-4fa0-9f8d-30c33e8ae1af_233322eb-6f33-4f17-84a1-61ae58523807.1
[2026-08-21 09:00:16Z INFO JobServerQueue] Try to append 1 batches web console lines for record 'e8d85c08-0834-4ea7-8dc9-d1472e6e8315', success rate: 1/1.
[2026-08-21 09:00:16Z INFO JobServerQueue] Try to append 1 batches web console lines for record 'e8d85c08-0834-4ea7-8dc9-d1472e6e8315', success rate: 1/1.
[2026-08-21 09:00:17Z INFO JobServerQueue] Tried to upload 1 file(s) to results, success rate: 1/1.
[2026-08-21 09:00:17Z INFO JobServerQueue] Try to append 1 batches web console lines for record 'e8d85c08-0834-4ea7-8dc9-d1472e6e8315', success rate: 1/1.
[2026-08-21 09:00:17Z INFO ProcessInvokerWrapper] STDOUT/STDERR stream read finished.
[2026-08-21 09:00:17Z INFO ProcessInvokerWrapper] STDOUT/STDERR stream read finished.
[2026-08-21 09:00:17Z INFO ProcessInvokerWrapper] Finished process 25932 with exit code 0, and elapsed time 00:00:02.0816714.
[2026-08-21 09:00:17Z INFO CreateStepSummaryCommand] Step Summary file (D:\Remote-Learning---LUMER\Remote-Learning-LUMER\actions-runner\_work\_temp\_runner_file_commands\step_summary_c4361a04-41c5-4388-90e0-14d32a33ee7b) is empty; skipping attachment upload
[2026-08-21 09:00:17Z INFO StepsRunner] Step result: 
[2026-08-21 09:00:17Z INFO ExecutionContext] Publish step telemetry for current step {
  "action": "actions/checkout",
  "ref": "v4",
  "type": "node24",
  "stage": "Post",
  "stepId": "e8d85c08-0834-4ea7-8dc9-d1472e6e8315",
  "result": "succeeded",
  "errorMessages": [
    "The process 'D:\\Git\\bin\\git.exe' failed with exit code 128"
  ],
  "executionTimeInSeconds": 3,
  "startTime": "2026-08-21T09:00:15.7530354Z",
  "finishTime": "2026-08-21T09:00:17.8850532Z"
}.
[2026-08-21 09:00:17Z INFO StepsRunner] No need for updating job result with current step result 'Succeeded'.
[2026-08-21 09:00:17Z INFO StepsRunner] Current state: job state = ''
[2026-08-21 09:00:17Z INFO JobRunner] Finalize job.
[2026-08-21 09:00:17Z INFO HostContext] Well known directory 'Bin': 'D:\Remote-Learning---LUMER\Remote-Learning-LUMER\actions-runner\bin'
[2026-08-21 09:00:17Z INFO HostContext] Well known directory 'Root': 'D:\Remote-Learning---LUMER\Remote-Learning-LUMER\actions-runner'
[2026-08-21 09:00:17Z INFO HostContext] Well known directory 'Diag': 'D:\Remote-Learning---LUMER\Remote-Learning-LUMER\actions-runner\_diag'
[2026-08-21 09:00:17Z INFO HostContext] Well known directory 'Bin': 'D:\Remote-Learning---LUMER\Remote-Learning-LUMER\actions-runner\bin'
[2026-08-21 09:00:17Z INFO HostContext] Well known directory 'Root': 'D:\Remote-Learning---LUMER\Remote-Learning-LUMER\actions-runner'
[2026-08-21 09:00:17Z INFO HostContext] Well known directory 'Diag': 'D:\Remote-Learning---LUMER\Remote-Learning-LUMER\actions-runner\_diag'
[2026-08-21 09:00:17Z INFO JobExtension] Initialize Env context
[2026-08-21 09:00:17Z INFO JobExtension] Initialize steps context
[2026-08-21 09:00:17Z INFO JobExtension] Total accessible running process: 357.
[2026-08-21 09:00:17Z INFO JobExtension] Inspecting process environment variables. PID: 31580 (chrome)
[2026-08-21 09:00:17Z INFO JobExtension] Wait for all connectivity checks to finish.
[2026-08-21 09:00:17Z INFO JobExtension] Connectivity check result: {
  "endpointUrl": "https://broker.actions.githubusercontent.com/health",
  "endpointIPs": null,
  "startTime": "2026-08-21T09:00:04.9845807Z",
  "statusCode": "http_OK",
  "requestId": "4171:69983:1C08BE:1CF398:6A8813C2",
  "httpRequestDurationInMs": 740,
  "dnsResolutionDurationInMs": 0,
  "dnsError": null
}
[2026-08-21 09:00:17Z INFO JobExtension] Connectivity check result: {
  "endpointUrl": "https://token.actions.githubusercontent.com/ready",
  "endpointIPs": null,
  "startTime": "2026-08-21T09:00:04.9860568Z",
  "statusCode": "http_NoContent",
  "requestId": "4173:162D33:1682448:19B4659:6A8813C2",
  "httpRequestDurationInMs": 795,
  "dnsResolutionDurationInMs": 0,
  "dnsError": null
}
[2026-08-21 09:00:17Z INFO JobExtension] Connectivity check result: {
  "endpointUrl": "https://run.actions.githubusercontent.com/health",
  "endpointIPs": null,
  "startTime": "2026-08-21T09:00:04.986322Z",
  "statusCode": "http_OK",
  "requestId": "4172:1EEFA1:1C120C:1CFD7E:6A8813C2",
  "httpRequestDurationInMs": 749,
  "dnsResolutionDurationInMs": 0,
  "dnsError": null
}
[2026-08-21 09:00:17Z INFO ExecutionContext] Publish step telemetry for current step {
  "action": "complete_job",
  "type": "runner",
  "stage": "Post",
  "stepId": "73107712-2fe9-4963-8181-b2bcb3fd4c20",
  "result": "succeeded",
  "errorMessages": [
    "Node.js 20 is deprecated. The following actions target Node.js 20 but are being forced to run on Node.js 24: actions/checkout@v4. For more information see: https://github.blog/changelog/2025-09-19-deprecation-of-node-20-on-github-actions-runners/"
  ],
  "executionTimeInSeconds": 1,
  "startTime": "2026-08-21T09:00:17.8994747Z",
  "finishTime": "2026-08-21T09:00:17.9449065Z"
}.
[2026-08-21 09:00:17Z INFO JobRunner] Job result after all job steps finish: Succeeded
[2026-08-21 09:00:17Z INFO JobRunner] Completing the job execution context.
[2026-08-21 09:00:17Z INFO JobRunner] Shutting down the job server queue.
[2026-08-21 09:00:17Z INFO JobServerQueue] Fire signal to shutdown all queues.
[2026-08-21 09:00:18Z INFO JobServerQueue] All queue process task stopped.
[2026-08-21 09:00:18Z INFO JobServerQueue] Try to append 1 batches web console lines for record 'e8d85c08-0834-4ea7-8dc9-d1472e6e8315', success rate: 1/1.
[2026-08-21 09:00:18Z INFO JobServerQueue] Try to append 1 batches web console lines for record '73107712-2fe9-4963-8181-b2bcb3fd4c20', success rate: 1/1.
[2026-08-21 09:00:18Z INFO JobServerQueue] Web console line queue drained.
[2026-08-21 09:00:18Z INFO JobServerQueue] Uploading 3 files in one shot.
[2026-08-21 09:00:18Z INFO JobServerQueue] Try to upload 3 log files or attachments, success rate: 3/3.
[2026-08-21 09:00:18Z INFO JobServerQueue] File upload queue drained.
[2026-08-21 09:00:18Z INFO JobServerQueue] Starting results-based upload queue...
[2026-08-21 09:00:18Z INFO JobServerQueue] Uploading 3 file(s) in one shot through results service.
[2026-08-21 09:00:18Z INFO JobServerQueue] Got a step log file to send to results service.
[2026-08-21 09:00:18Z INFO JobServerQueue] Starting upload of step log file to results service ResultsLog, D:\Remote-Learning---LUMER\Remote-Learning-LUMER\actions-runner\_diag\blocks\51f8bcd0-3f8c-4fa0-9f8d-30c33e8ae1af_e8d85c08-0834-4ea7-8dc9-d1472e6e8315.1
[2026-08-21 09:00:19Z INFO JobServerQueue] Got a step log file to send to results service.
[2026-08-21 09:00:19Z INFO JobServerQueue] Starting upload of step log file to results service ResultsLog, D:\Remote-Learning---LUMER\Remote-Learning-LUMER\actions-runner\_diag\blocks\51f8bcd0-3f8c-4fa0-9f8d-30c33e8ae1af_73107712-2fe9-4963-8181-b2bcb3fd4c20.1
[2026-08-21 09:00:19Z INFO JobServerQueue] Got a job log file to send to results service.
[2026-08-21 09:00:19Z INFO JobServerQueue] Starting upload of job log file to results service ResultsLog, D:\Remote-Learning---LUMER\Remote-Learning-LUMER\actions-runner\_diag\blocks\51f8bcd0-3f8c-4fa0-9f8d-30c33e8ae1af_b1b1a841-c9ba-5827-b4f3-f5ce88482ae7.1
[2026-08-21 09:00:20Z INFO JobServerQueue] Tried to upload 3 file(s) to results, success rate: 3/3.
[2026-08-21 09:00:20Z INFO JobServerQueue] Results upload queue drained.
[2026-08-21 09:00:20Z INFO JobServerQueue] Timeline update queue drained.
[2026-08-21 09:00:20Z INFO JobServerQueue] Disposing job server ...
[2026-08-21 09:00:20Z INFO JobServerQueue] Disposing results server ...
[2026-08-21 09:00:20Z INFO JobServerQueue] All queue process tasks have been stopped, and all queues are drained.
[2026-08-21 09:00:20Z INFO TempDirectoryManager] Cleaning runner temp folder: D:\Remote-Learning---LUMER\Remote-Learning-LUMER\actions-runner\_work\_temp
[2026-08-21 09:00:20Z INFO HostContext] Well known directory 'Bin': 'D:\Remote-Learning---LUMER\Remote-Learning-LUMER\actions-runner\bin'
[2026-08-21 09:00:20Z INFO HostContext] Well known directory 'Root': 'D:\Remote-Learning---LUMER\Remote-Learning-LUMER\actions-runner'
[2026-08-21 09:00:20Z INFO HostContext] Well known directory 'Diag': 'D:\Remote-Learning---LUMER\Remote-Learning-LUMER\actions-runner\_diag'
[2026-08-21 09:00:20Z INFO HostContext] Well known config file 'Telemetry': 'D:\Remote-Learning---LUMER\Remote-Learning-LUMER\actions-runner\_diag\.telemetry'
[2026-08-21 09:00:20Z INFO JobRunner] Raising job completed against run service
[2026-08-21 09:00:21Z INFO Worker] Job completed.
